"","Categories","Variables","Factors","Observations","Type","Thurstone","Heermann","Ledermann","Bartlett","Harman","Anderson","Dummy-Thurstone","Dummy-Heermann","Dummy-Ledermann","Dummy-Bartlett","Dummy-Harman","Dummy-Anderson","Nominal Response Model","graded Response Model","Generalized partial Credit Model","Polychoric IRT"
"1",2,5,1,100,"Ordinal",0.728964571233751,0.72750424111105,0.730668604009705,0.728783468058009,0.773369037597736,0.732318904658505,0.727751968309921,0.731640703447197,0.72456435327203,0.727939096717249,0.769095066243966,0.741329064409993,0.818437367429041,0.818380505461531,0.818392322458466,0.693817746273624
"2",3,5,1,100,"Ordinal",0.977660787845939,0.977886068005415,0.984593438927956,0.984269228056676,1.01171453941135,0.984016469811368,0.978312924136019,0.979754669120506,0.983193002646177,0.983346939347058,0.98506018835693,0.982481948975317,0.865227657453022,1.00432414194798,0.999999587119093,0.924326303416836
"3",4,5,1,100,"Ordinal",1.021097630786,1.02140096870966,1.02987617099747,1.02949407007286,1.06102559495621,1.029134970848,1.02840736485318,1.02998797431706,1.02926923868064,1.02938625797848,1.02905506113048,1.02794734008502,0.818897558017424,1.04936468965635,1.03752944651217,0.967866568141046
"4",5,5,1,100,"Ordinal",0.958453222031073,0.958896369887118,0.9706460181628,0.970441940891848,1.00014725021351,0.969762797522122,0.966809584164239,0.968081576475156,0.975574752833572,0.975400504054874,0.971667176534798,0.972821270679774,0.776599256216364,1.00369915687892,1.00621059650877,0.917513964346702
"5",6,5,1,100,"Ordinal",0.928071579085848,0.928673324274758,0.938143620253539,0.938080732467513,0.963667963517109,0.937061380813438,0.947293928759368,0.948189596134516,0.954630209551385,0.954122553447099,0.945623168891522,0.95002742321844,0.700047653318949,0.962782192660767,0.955487796485969,0.912205442031008
"6",7,5,1,100,"Ordinal",0.888965203741318,0.889801345991351,0.903167592330413,0.903273968480501,0.916920123160524,0.90173139144898,0.9193926457655,0.919953900599805,0.923299320854933,0.922371196928245,0.909640859452479,0.916218987572696,0.554283350261434,0.887957068383127,0.887340349285178,0.848642170581801
"7",2,10,1,100,"Ordinal",0.989361524646016,0.98888541838554,0.986921411226259,0.986055913439902,1.00513500719054,0.987316862379403,0.979981678692306,0.982181876058647,0.977260055669101,0.978691417849507,0.99967531788836,0.983719663416109,1.04925874585901,1.05012300371527,1.05010941776855,0.927680978416624
"8",3,10,1,100,"Ordinal",1.19775032677624,1.19789141825756,1.20299846892557,1.20250141422878,1.22258262476186,1.20245292038806,1.1966875639435,1.19845954000122,1.18402867037796,1.18442876497705,1.19056230360529,1.18429873336914,1.06120021906173,1.21541006255582,1.21337686721026,1.12989114442568
"9",4,10,1,100,"Ordinal",1.20263309332275,1.20319440217869,1.20775549453014,1.20758234445294,1.22352410057403,1.20660745710986,1.19723551384559,1.19854459326651,1.19198658620588,1.1916274795699,1.18881432161268,1.18795984372927,0.962990962568584,1.19634053126357,1.19272582104597,1.12064198660535
"10",5,10,1,100,"Ordinal",1.18667659787554,1.18754781740677,1.19021845369271,1.19025704503612,1.21179945395017,1.18862756295043,1.17889720002895,1.17987438485511,1.18200983054978,1.18107255456866,1.16927484628819,1.17467732351137,0.874008089213725,1.17886957307134,1.18122329848372,1.15699193880918
"11",6,10,1,100,"Ordinal",1.07390114916999,1.07497595735092,1.0848060086417,1.08515091690322,1.08948822838979,1.08304132977979,1.08953562393127,1.0897553554658,1.08759685493739,1.08616109305531,1.06925300334735,1.07787975176686,0.766068815016771,1.05616055815677,1.05098488571286,1.05090594519737
"12",7,10,1,100,"Ordinal",1.01157672503318,1.0125720503725,1.01852527966801,1.01883403875224,1.03188057889844,1.01688711394393,1.03721100875072,1.03742368180356,1.03962855155393,1.03832458174756,1.02116887538799,1.03065586156872,0.695945963935129,0.986979609413784,0.986956416698623,0.981026442441263
"13",2,20,1,100,"Ordinal",1.24540281708742,1.24495208524329,1.24337516225478,1.24242211847289,1.26128417499172,1.24363901640509,1.23334573859118,1.23593705901138,1.23067269557033,1.23216193481053,1.25586126088452,1.23713603880294,1.26681822261232,1.27032821741129,1.27029107681628,1.13633792800522
"14",3,20,1,100,"Ordinal",1.39893233718511,1.39905162629925,1.39733132004569,1.39657744961128,1.4148207023528,1.39662821325871,1.37426274815604,1.37669715552119,1.36569259785081,1.36626558805587,1.3770731059427,1.36629601470415,1.18034359381403,1.39210907690142,1.40141699473392,1.35106856384251
"15",4,20,1,100,"Ordinal",1.3884650860736,1.38905286176255,1.39081695316637,1.39046313112752,1.4061316288018,1.38945678071655,1.34538688889114,1.34735630065446,1.34905516149091,1.34874180326612,1.34966786273751,1.344883564205,1.109003731493,1.35996312908101,1.37348964187822,1.33158151687757
"16",5,20,1,100,"Ordinal",1.32563320253114,1.3263465061282,1.31955621282741,1.31929047229919,1.34168854214735,1.3179912981492,1.28561278218693,1.28734759059848,1.29018493301517,1.28959507833976,1.28470317395929,1.28439250045999,0.954675147117115,1.25749484968091,1.26810755833954,1.28430468976545
"17",6,20,1,100,"Ordinal",1.20616230127137,1.20704432679333,1.19717737077614,1.19722718998247,1.22899503528354,1.19549807611961,1.19334095761848,1.19433494277858,1.20791106784049,1.20684593668794,1.19274966122696,1.19992767237675,0.845176801119499,1.11620164552419,1.13778867052026,1.1936032347995
"18",7,20,1,100,"Ordinal",1.13770388976518,1.13877182073259,1.13680531999498,1.13710994406357,1.15903677275026,1.13498546236128,1.15318434860201,1.15356534150918,1.16817298339888,1.16668981962299,1.14759717556716,1.15817079095269,0.787433492639536,1.05322760578552,1.05141939337583,1.13422599347003
"19",2,5,1,500,"Ordinal",0.970529298377616,0.970345228802045,0.969729787690799,0.969237823404356,0.983208376769221,0.969805283256815,0.968286611776742,0.969825978299432,0.96764701254387,0.968491372584721,0.982436027418197,0.971133237174616,1.02681748240593,1.02662523568514,1.02660768559947,0.865671866747177
"20",3,5,1,500,"Ordinal",1.2035683344567,1.20447159673127,1.20480145775846,1.20532121384253,1.19961820239973,1.20342243794784,1.17837655475399,1.1783742828438,1.16843927688876,1.16722258015416,1.15749339924752,1.16074469297423,1.16658980483282,1.24162842806921,1.24137098170588,1.07911840537337
"21",4,5,1,500,"Ordinal",1.32055050281329,1.32144472101166,1.32103097214982,1.32139009694098,1.29681548839495,1.31954056587752,1.26183903390255,1.26221082590625,1.23265532114418,1.23156113786975,1.22713582712684,1.22523298884716,1.24488462718463,1.36887076135675,1.36138191114844,1.19122074279393
"22",5,5,1,500,"Ordinal",1.3341504788245,1.33477938989414,1.33538804961003,1.33532618034804,1.31315266602918,1.33412888880181,1.25566052916409,1.25698192154043,1.23564468717381,1.23521886314609,1.24124023959045,1.23141365349,1.22479835349688,1.39422330847199,1.3909141438439,1.17656475160964
"23",6,5,1,500,"Ordinal",1.40202315817531,1.40250458009379,1.40333754498514,1.40295079883593,1.37799616139409,1.40215398189957,1.29904543561076,1.30109653193546,1.27844507844695,1.27842365592038,1.29156657935042,1.27599787055133,1.26076695493038,1.47564605794694,1.46237617230557,1.25900710775302
"24",7,5,1,500,"Ordinal",1.39912341348559,1.39991651481643,1.40124245508118,1.40118915519743,1.35859350421364,1.39966663025303,1.29156957159624,1.29297160316654,1.26748544248252,1.26679469975697,1.27398686057855,1.26157059539604,1.24993377148273,1.46125943802265,1.44701628431122,1.27495289759629
"25",2,10,1,500,"Ordinal",1.20367141521857,1.20364311882373,1.19976549192846,1.19934386019167,1.20886374403353,1.19959066672799,1.19557451702888,1.19708541316815,1.19447483888966,1.19506472888826,1.20744708805111,1.1963940876711,1.26133411053117,1.26105662030908,1.26103388735875,1.12571798786879
"26",3,10,1,500,"Ordinal",1.44737019636258,1.44815284497779,1.44702942926595,1.44734459008139,1.42866947047228,1.44573056241942,1.40844660669114,1.40883344983291,1.37823902344043,1.3773129370118,1.37394411065243,1.37184531654467,1.43069823898498,1.49160245837735,1.49352640436737,1.33672371233979
"27",4,10,1,500,"Ordinal",1.51825454319087,1.51898809055709,1.51754066978565,1.51761497405476,1.49141566675222,1.51616470641,1.43382589054856,1.4349451770825,1.41447893206332,1.41376950349918,1.41781269120932,1.40892921980683,1.4899219632621,1.57755382140053,1.577499692015,1.41778163779147
"28",5,10,1,500,"Ordinal",1.56319917118993,1.56409609130433,1.5646141986481,1.56479503927194,1.52674642366481,1.56300135780913,1.4805795535295,1.48150427363986,1.4613057811486,1.46030973817733,1.46278936840926,1.4540789792188,1.50537501835833,1.62174812096563,1.62344474348738,1.47281730240617
"29",6,10,1,500,"Ordinal",1.55891759044319,1.55983556765959,1.5594183525261,1.55953861861008,1.5245582001707,1.55771924118396,1.45042598683562,1.45168566809929,1.44954738235258,1.44854983691457,1.45302209052113,1.44226381766434,1.50593497078304,1.6212014433423,1.62274882995718,1.47825551347118
"30",7,10,1,500,"Ordinal",1.57311011849941,1.57407861891458,1.57118079574805,1.57117800565209,1.54137023055966,1.56932078535307,1.44783165543535,1.44950476694176,1.46424747841864,1.46329190671416,1.46918416256534,1.45678212849855,1.45540117657205,1.64952531703289,1.64896621891388,1.49569779671035
"31",2,20,1,500,"Ordinal",1.46934173220418,1.46885477535131,1.45859024665097,1.45753583811906,1.47746936211932,1.45889280552606,1.44817039205701,1.45093990865697,1.44552877596931,1.44715395571217,1.47306536411961,1.45250107834689,1.54957854756573,1.54949821639811,1.54950552991494,1.41970116711185
"32",3,20,1,500,"Ordinal",1.66717294888901,1.66732762580672,1.66335125435492,1.66288125585387,1.6620352367009,1.6627428529093,1.60720636009592,1.60924986793095,1.57759588522327,1.57807309462905,1.59253630220338,1.57827404790653,1.68899653214321,1.73761570249354,1.74303402387109,1.53566288202201
"33",4,20,1,500,"Ordinal",1.74186789883506,1.7420561556026,1.73763267049609,1.73698523692671,1.72836739083083,1.73682588955209,1.62838594121729,1.63109462641302,1.61207329770915,1.6125934033434,1.63254774196543,1.61267906181993,1.7520363617569,1.82656539595803,1.83238551051708,1.64166409927374
"34",5,20,1,500,"Ordinal",1.7485274268566,1.74915377364099,1.74476162644859,1.74443308631333,1.72488263347188,1.74332762777927,1.61180021326307,1.61418543227503,1.62422715462789,1.623944724516,1.63832295286829,1.62043117352845,1.72159561580613,1.83242591102103,1.83859814574143,1.66849220331998
"35",6,20,1,500,"Ordinal",1.77106434154712,1.77173721995515,1.7660129651092,1.76574719565089,1.75074137941006,1.76452360040069,1.63831037639887,1.64061938735904,1.6627131378255,1.66228943193009,1.67491255065752,1.65826681839743,1.76089264301925,1.83824189479436,1.85602977934706,1.71826868928182
"36",7,20,1,500,"Ordinal",1.75646882343812,1.75739048698403,1.75096258179902,1.75092022590163,1.73437041776585,1.74914678733479,1.60556765073663,1.60768661986145,1.65683257035174,1.65593177997525,1.66533814885774,1.64993985735256,1.76558289635658,1.8304168376688,1.84808409252551,1.71048668794199
"37",2,5,1,1000,"Ordinal",0.997789143811991,0.997580401369025,0.996646897628765,0.99611004137971,1.0107759490614,0.996743135523694,0.995054272958152,0.996678664778759,0.994100178294995,0.994998445187181,1.00960355466055,0.997831780289546,1.05517905919771,1.05499503676863,1.05493701620706,0.904701970630065
"38",3,5,1,1000,"Ordinal",1.25459972532691,1.25570640190797,1.25508818789698,1.25584187681012,1.23790344652846,1.25345142751181,1.21969775915622,1.21926975522326,1.20129459575451,1.19964322834507,1.18619644564776,1.19137026848698,1.22865902259591,1.28760416044861,1.28723938186096,1.13035414654584
"39",4,5,1,1000,"Ordinal",1.36923092160475,1.37016885740294,1.36952328906158,1.36982229831141,1.33603364028622,1.3678840447135,1.28332088584953,1.28396634138965,1.25675944081858,1.25563408152427,1.25413549382308,1.24899516231512,1.27221389441595,1.41152281336101,1.40745704728894,1.23842663341089
"40",5,5,1,1000,"Ordinal",1.43374029003333,1.43471262919449,1.43456432070996,1.43472447171747,1.38123981100061,1.43276763829149,1.33640143104196,1.33733000864122,1.29644224265559,1.29545386163776,1.29910453476671,1.28879833862796,1.23112826597031,1.49000200344645,1.47861418030835,1.23804383365867
"41",6,5,1,1000,"Ordinal",1.44629507859416,1.44706466277497,1.44688302598697,1.44689615899269,1.39617042535111,1.44536289573918,1.32239893067602,1.32374071858901,1.29375142311581,1.29307488550924,1.30290181274226,1.28814684429233,1.36507503547997,1.51242462703753,1.50180177833098,1.27994930185249
"42",7,5,1,1000,"Ordinal",1.43844741987925,1.43955242223361,1.43900302020479,1.43934566352532,1.3720361167832,1.4370634349672,1.31606536676574,1.31676682279678,1.29086324564345,1.28951971584278,1.29349548041892,1.28169607351724,1.33039453004857,1.50237705290077,1.48398984336546,1.27865246873862
"43",2,10,1,1000,"Ordinal",1.22869934470776,1.22870470275543,1.22344632069417,1.22305945762084,1.23153238407901,1.22323541196192,1.21887550499355,1.22031325488947,1.21721618558693,1.21774464727438,1.2294556435592,1.21879805429219,1.2966760592771,1.2969348162001,1.29693655195098,1.15921767828651
"44",3,10,1,1000,"Ordinal",1.46997198894432,1.47070984551959,1.46881699801848,1.46905912003487,1.45051312867681,1.4675441874092,1.41479777920358,1.41544310604668,1.38944800327551,1.38864197158123,1.38820609797353,1.38367445403421,1.46550618392417,1.51712359784643,1.51816963209666,1.34190420750623
"45",4,10,1,1000,"Ordinal",1.57170819418967,1.57260072391002,1.57001538593606,1.57026254104798,1.53848552245632,1.5684508269732,1.48436205207907,1.48516998610445,1.46103702896707,1.46002708483876,1.46089360475174,1.4538863920622,1.55120619035136,1.64324441000316,1.64064600148825,1.46631083563319
"46",5,10,1,1000,"Ordinal",1.6180949746553,1.61912998671624,1.61735046931069,1.6176794747289,1.57735398122509,1.61557324058471,1.51040903579072,1.5112503545695,1.50093536567636,1.49970184964485,1.50144840762449,1.49255270771188,1.61521535054969,1.70655137671776,1.6981053903872,1.50830929282995
"47",6,10,1,1000,"Ordinal",1.61965363853864,1.62074751052692,1.61894600808047,1.61920052248947,1.57057864554221,1.61700325914561,1.48928538449079,1.49043631371696,1.4961918319505,1.49490689302434,1.49992167688122,1.4873384948039,1.58589603257521,1.70385347245335,1.69169441098907,1.52062494811583
"48",7,10,1,1000,"Ordinal",1.66630673005717,1.66745380276088,1.66611938237009,1.66635017185366,1.60910280387564,1.66404544951927,1.51138541022932,1.51277355003551,1.52946652345075,1.52813868592132,1.5365341390245,1.52028482809895,1.63901276523867,1.75689300825608,1.74994913396397,1.55686973986313
"49",2,20,1,1000,"Ordinal",1.48232601699311,1.48195819077523,1.4710495421167,1.47011316595942,1.48771016949773,1.47120292894131,1.46212871175683,1.46467543875358,1.45971737321941,1.46110302189822,1.48409981533548,1.46540599233365,1.55448805537752,1.56200709077435,1.56202631367737,1.44156866806505
"50",3,20,1,1000,"Ordinal",1.71539030516087,1.71574459123099,1.7108394768718,1.71055652570979,1.69847408234895,1.7099580046342,1.6410281067624,1.64278609425556,1.60632716262829,1.60643251924748,1.61825103660064,1.60499318013215,1.73184622241264,1.79058179998849,1.79234999818455,1.57077074379845
"51",4,20,1,1000,"Ordinal",1.80439818267312,1.80468844719528,1.80010917554388,1.79948914228313,1.78129306313018,1.79912348713004,1.67093749723406,1.67374168905209,1.66015311203846,1.66054562668973,1.68217553832228,1.65994333311724,1.81210069511097,1.90227597965667,1.90299184122249,1.6907633112126
"52",5,20,1,1000,"Ordinal",1.83484184400368,1.83538372247705,1.83221819781741,1.83183106473107,1.80552251622849,1.83091193449492,1.68719530175902,1.68974426652642,1.69318126773926,1.69310844411853,1.71215252343447,1.69055146670881,1.86783348585329,1.94879438245036,1.94809760522755,1.71908801823136
"53",6,20,1,1000,"Ordinal",1.84263761879751,1.84339041400878,1.83882552717879,1.83856947189,1.80870063950951,1.83719847920896,1.6707415910381,1.67329555740464,1.70621598062905,1.70573522588677,1.72348122287331,1.70143902941329,1.88487090852425,1.95104370906581,1.94906820315419,1.75784662979494
"54",7,20,1,1000,"Ordinal",1.85308677723095,1.85404071260802,1.84940303443305,1.84930735217157,1.82059650919157,1.84750638254206,1.66805077495617,1.67049761548301,1.72922020012249,1.72834597594121,1.74316909868781,1.7224081567497,1.91941331318447,1.97003712718956,1.97448818255162,1.80506090028248
"55",2,5,1,100,"Re-Ordered",0.80156444244115,0.800649674861916,0.804541018242098,0.803239511836517,0.833355253186228,0.805511014577621,0.802461818736334,0.805344794880746,0.800277237806205,0.802542895049475,0.831743244458735,0.811240709521162,0.868339247132033,0.866888222083544,0.866884900729154,0.757709582920779
"56",3,5,1,100,"Re-Ordered",0.656345468509135,0.655504248086611,0.6591065309946,0.658193482612037,0.674485709435858,0.660251881908267,0.730338058133845,0.732210568588508,0.783498336087035,0.785386263456438,0.814767894248157,0.793315469997829,0.856876046392035,0.691286834776826,0.675348185497102,0.593231531605814
"57",4,5,1,100,"Re-Ordered",0.47973769905466,0.479085361019246,0.481534407241169,0.481330088610394,0.499305355999075,0.48281349572652,0.641613851318793,0.641688003221426,0.717356463579431,0.718505333950662,0.735928368714844,0.72442365835439,0.846138866077579,0.489914694275999,0.49040811466593,0.416605245561331
"58",5,5,1,100,"Re-Ordered",0.41390563317337,0.413871815500847,0.420582880565922,0.420965173674137,0.427186172456155,0.421042944190566,0.549779793770115,0.54904815897136,0.643956640349274,0.643884993239569,0.649143934505729,0.644631356072312,0.747786723916897,0.414518479677345,0.419419783444154,0.356324034000844
"59",6,5,1,100,"Re-Ordered",0.287454777497091,0.287565941054094,0.29050668178107,0.291191879165258,0.290155870747339,0.290888931058407,0.427982921528398,0.426426689337149,0.513802599314504,0.513252416162462,0.511363910323707,0.512367250946456,0.680338642116906,0.295914278991046,0.298850927486774,0.301417311570194
"60",7,5,1,100,"Re-Ordered",0.283304958146317,0.283371046708268,0.287432740939413,0.28799716256106,0.290441808233663,0.287820155465005,0.424900224345125,0.423654385197997,0.515211982288199,0.514834350197009,0.515209527272335,0.514474425589743,0.61768353355861,0.277073293301832,0.274930560140191,0.255529242596548
"61",2,10,1,100,"Re-Ordered",0.947571401480579,0.947223093464776,0.947177319347967,0.946483535286794,0.96383002508921,0.947478269280768,0.942404300597003,0.944217691655807,0.940471787351065,0.94163963251796,0.958578697034171,0.945634284107166,1.04572539966247,1.05169764658944,1.05171887740259,0.918886974406163
"62",3,10,1,100,"Re-Ordered",0.812325453763906,0.812365283262958,0.825378751489267,0.825803125205881,0.813684327369429,0.825800364275123,1.03663545444992,1.03528096339202,1.07479405547995,1.07465944927317,1.07575338742528,1.07456517430044,1.07332871244932,0.816025401655921,0.810274831687936,0.776857799144258
"63",4,10,1,100,"Re-Ordered",0.620662794749487,0.620873294998418,0.630874665508206,0.63178648846748,0.623507456335508,0.631341597616308,0.876832834985536,0.874444980346519,0.957750371556091,0.957061601289424,0.951850972592647,0.955495588052435,1.04348861401641,0.644229050882639,0.624469665836639,0.593698253121489
"64",5,10,1,100,"Re-Ordered",0.410258470536834,0.410570805501281,0.418327263212569,0.419554311677431,0.404033115605116,0.41876989047615,0.661972208388485,0.658966354468638,0.767221576624471,0.766150543950543,0.758793031661437,0.763568456132132,0.925766268787105,0.424769671365393,0.434588229685231,0.383290283598625
"65",6,10,1,100,"Re-Ordered",0.337923821538937,0.338508896641409,0.351042380672308,0.352444798953458,0.326897995531044,0.351068795670528,0.564066248170338,0.560919579970448,0.675628460771153,0.674068580896878,0.66308743826408,0.669265088950491,0.803942178320056,0.352182936132772,0.35852513023701,0.314623346917259
"66",7,10,1,100,"Re-Ordered",0.241628001455544,0.242097038950974,0.25050509753064,0.251854977498194,0.231131839725659,0.250655555772391,0.445185480443905,0.442135984277892,0.547569445188299,0.54613653823808,0.535590918859857,0.542084821362385,0.719771158787752,0.230384282890777,0.255048242158444,0.2241791252328
"67",2,20,1,100,"Re-Ordered",1.24162794150175,1.24103122952728,1.24178811709628,1.24067105049278,1.26150727799986,1.2422261744551,1.22933105422445,1.23224761136064,1.22581822867634,1.22762512203392,1.25540131225672,1.2339269776129,1.26545798559926,1.26950721124022,1.26945764853408,1.11649094998332
"68",3,20,1,100,"Re-Ordered",0.993956933864167,0.993795090102235,1.00397410668712,1.00414783209694,0.996508399407403,1.00468573591885,1.28204674642056,1.28083191853149,1.31596728631719,1.31628526895696,1.32057943838664,1.3177736916323,1.21003088848055,0.989770574482448,0.970869784747913,0.978772377814828
"69",4,20,1,100,"Re-Ordered",0.667622361700201,0.667689714158174,0.693220854292955,0.694269943552629,0.662802255334476,0.694110289647448,1.04522445879586,1.04201478258905,1.13366397687651,1.13302864670325,1.13087999412161,1.13226594735698,1.17757254589804,0.628861001680248,0.621741887198801,0.646341874258153
"70",5,20,1,100,"Re-Ordered",0.370681376817597,0.371013978227498,0.391915748624974,0.393370001210704,0.363562416885947,0.392543461883136,0.691625890864001,0.687956372861786,0.821712382990895,0.82047031034185,0.813883555408209,0.817706421303619,0.999346398283261,0.386209307209872,0.395139035478122,0.349792488315406
"71",6,20,1,100,"Re-Ordered",0.269237476504449,0.26977174424906,0.287387176811928,0.289046965149849,0.261173203863322,0.287731521404612,0.5506198759934,0.546792523848828,0.693811965117517,0.692137047233192,0.681352278798935,0.687697456066984,0.911425949986135,0.284062604708762,0.289556220883746,0.25136656340409
"72",7,20,1,100,"Re-Ordered",0.187250213140616,0.187654258584866,0.200036151081386,0.201479983678362,0.180044995429951,0.200398182988805,0.386846156567827,0.383647618217966,0.50203256481131,0.50059710180547,0.491648972720904,0.497157918874023,0.816156595654044,0.202095443670168,0.208431179133786,0.188869667154607
"73",2,5,1,500,"Re-Ordered",0.970733844946601,0.970118465166442,0.969720832161127,0.968727405966505,0.99338549133221,0.970314554926263,0.967690871924587,0.970110814158785,0.966147929149614,0.967875605858494,0.991666784255976,0.974185833433955,1.045035434116,1.0449029186604,1.04490111739451,0.897567993709872
"74",3,5,1,500,"Re-Ordered",0.906885387813285,0.906116641424175,0.907340770077388,0.906900045136336,0.915774298056206,0.908584818772106,1.02416254163649,1.02507513181433,1.06357274755999,1.06515010188455,1.09172654303617,1.0724809033912,1.24698902808464,0.883341703442024,0.888286514591062,0.694771051209773
"75",4,5,1,500,"Re-Ordered",0.725379366486831,0.724767685617228,0.725524708448017,0.72562036510284,0.73213272922807,0.72689360575472,0.9053022660467,0.904950451499716,0.992285458752863,0.993321965773311,1.01450782111767,0.999294759864203,1.24255505529513,0.721601701455831,0.721927615956688,0.509800786241517
"76",5,5,1,500,"Re-Ordered",0.562417447380953,0.561409607789592,0.562105425626664,0.562141418087048,0.571455558502254,0.564236080160276,0.772401050571856,0.77179876024377,0.864967986587351,0.866503617864222,0.893089904989179,0.875602893998129,1.29315970021322,0.583067699940818,0.561348048921456,0.38407609877409
"77",6,5,1,500,"Re-Ordered",0.545306225028666,0.544524403340001,0.545289870055528,0.545693604779363,0.556547586491615,0.54725008206399,0.781869830810304,0.780638924050815,0.913676801027895,0.914687319141742,0.936578700872746,0.921926698981785,1.35086096188552,0.560329414441797,0.554870173504258,0.362365939242302
"78",7,5,1,500,"Re-Ordered",0.483497521097514,0.482645133006648,0.483403877306756,0.483802721668832,0.505005478467216,0.485493082468452,0.708808849525386,0.70768849687007,0.860538058808922,0.861591919112665,0.884037962015631,0.869375409100711,1.37476225092104,0.504790318496872,0.511755621096368,0.345374975436874
"79",2,10,1,500,"Re-Ordered",1.23653447907156,1.2365687497432,1.23319799724527,1.23283580141007,1.24098897785782,1.23293892627398,1.229238931987,1.23067414567093,1.22824129729867,1.22871896607771,1.24005163055966,1.22954789071495,1.28884243632973,1.28897664422295,1.28894633257698,1.14836640602167
"80",3,10,1,500,"Re-Ordered",1.1187465944522,1.11871587975862,1.11801469809806,1.11841005720696,1.10416034878116,1.11847844980004,1.32233596860169,1.32107302874019,1.33509037389968,1.33509805027367,1.33856948528626,1.33554111218087,1.41802264221524,1.10625563337559,1.11481697826401,1.04175424754594
"81",4,10,1,500,"Re-Ordered",1.01360475731071,1.01334461352647,1.01407977283918,1.0147275787428,0.999286502621538,1.01520434866042,1.31979126774064,1.31760310396005,1.36887177468727,1.36907331852157,1.37576711657011,1.37139534368699,1.50616213198374,0.982673720280893,0.999238855192526,0.864399147502441
"82",5,10,1,500,"Re-Ordered",0.87893387989775,0.878406206629592,0.879288824429297,0.880007946914653,0.875417327130792,0.881037544500416,1.2519957353462,1.24942430271119,1.33927104739164,1.33985564077206,1.35084948278393,1.34459974015082,1.5322620213437,0.86347294909494,0.878291080983049,0.669965029471216
"83",6,10,1,500,"Re-Ordered",0.75889556804757,0.758479527819808,0.757818788697116,0.758943108977265,0.757289645505547,0.759658129024344,1.16306801691332,1.15967237902553,1.29047033949383,1.2906264295735,1.29769044245417,1.29440648902767,1.57172266000958,0.744762777866176,0.744397548682125,0.545112899033407
"84",7,10,1,500,"Re-Ordered",0.657535404090954,0.657199812132291,0.659513203212178,0.660907328899753,0.657463278116559,0.661441889467909,1.10409975271022,1.10020199816109,1.28394914375078,1.28389721752333,1.29189562392936,1.28730642878161,1.57683309112966,0.658813451512697,0.649210747097907,0.388897987810006
"85",2,20,1,500,"Re-Ordered",1.4682016612966,1.46781078594881,1.45847469911919,1.45752930719671,1.47569086235243,1.45866274590411,1.44990917506183,1.45248422790609,1.44773056025705,1.44915530436955,1.47264089490894,1.45367139167922,1.54234829819474,1.54198093332466,1.54198511875972,1.41592749632637
"86",3,20,1,500,"Re-Ordered",1.37163357186331,1.37124776187738,1.3682254827751,1.36816681694195,1.3595742197158,1.36908853736476,1.57452635276049,1.57412370132564,1.57252418974393,1.57335872564872,1.58690953717051,1.57701365380171,1.69256070557354,1.38549022157039,1.38914797327719,1.28315277201034
"87",4,20,1,500,"Re-Ordered",1.23029818948414,1.22952979413076,1.22983224891706,1.22984114872109,1.2148611117085,1.23155046920476,1.54424206261808,1.54310369998829,1.58437199576054,1.58558831825384,1.60588192421695,1.59204513433321,1.77338926551747,1.21214727882822,1.21677322351173,1.17400698445591
"88",5,20,1,500,"Re-Ordered",1.12544955681567,1.12474739490521,1.12624288698019,1.12678799095628,1.11391594370594,1.12822450289039,1.54724886783619,1.5446018168973,1.61363197309732,1.61440729989834,1.62680187256427,1.61992495161975,1.8094854949784,1.07327389746091,1.11179107984904,1.06226638620007
"89",6,20,1,500,"Re-Ordered",1.01514838011274,1.01446827646788,1.01539164963967,1.01612358597408,1.00750038329219,1.01759589464704,1.49328857141201,1.49008960695567,1.61024535830118,1.61089447597793,1.62272845834065,1.61639254273324,1.82454248872749,1.01168142358359,0.996316751696943,0.977585344629463
"90",7,20,1,500,"Re-Ordered",0.957635710787665,0.957078062165872,0.958512795769811,0.959559343598047,0.952041566934851,0.960740885555264,1.4932358608995,1.4891773671853,1.6217873709733,1.62209554424303,1.62776790096422,1.62646848432171,1.8072437190911,0.954444695797477,0.933496813537007,0.912174175829866
"91",2,5,1,1000,"Re-Ordered",0.988033211034047,0.987915302457891,0.986752391163734,0.986319493619171,0.99854804784971,0.986734150930817,0.984643548185979,0.986083941700131,0.983813625496698,0.984518412571565,0.996981801030742,0.986550851564049,1.03671846731424,1.03651342354119,1.03659911234513,0.889537018973286
"92",3,5,1,1000,"Re-Ordered",0.894219951041767,0.893870565028808,0.894276152694251,0.894316293119626,0.894213975945471,0.895071563071268,1.03280738053692,1.03268077489847,1.0753382249565,1.07603147741762,1.09112038160897,1.07966155131563,1.23293324924125,0.884114517630714,0.879319512929509,0.725846982626401
"93",4,5,1,1000,"Re-Ordered",0.744918915462453,0.744112382853684,0.74464380296757,0.744686340636602,0.752992043615296,0.746368828997144,0.950841956183882,0.950300360702522,1.0234153958547,1.02467439734989,1.04637385813366,1.03196544935807,1.34724353567006,0.740900193608181,0.735504868763777,0.588272787752282
"94",5,5,1,1000,"Re-Ordered",0.673489884946726,0.672592069733328,0.673263416913147,0.673306590919233,0.677518224211502,0.675162662443771,0.869755909267147,0.869286011509931,0.967607065298596,0.968949058380417,0.995384265250309,0.977034641802393,1.3795274076883,0.671987963697676,0.665602563894932,0.525473227455175
"95",6,5,1,1000,"Re-Ordered",0.617388411630945,0.616372319515527,0.617192632548534,0.617439260937386,0.630557327119445,0.619547606671407,0.900881181588413,0.899642177445564,1.02804912708856,1.02946382197283,1.05468451937649,1.03853437356078,1.46527420595989,0.634447358132184,0.618525520412088,0.460010266507388
"96",7,5,1,1000,"Re-Ordered",0.524711466677641,0.524014494365811,0.524766706784666,0.525376984419967,0.530479099577102,0.526732351981035,0.774282865981688,0.772668341055709,0.946163849127102,0.946830082681276,0.968493493768193,0.953171984661126,1.46448603003415,0.534674194990035,0.523974263103761,0.415094269113432
"97",2,10,1,1000,"Re-Ordered",1.22679804162825,1.22686089098629,1.22316407237993,1.2228368518985,1.23051764408454,1.22288081255464,1.21928683163196,1.22063139689772,1.21843202512984,1.21884108668587,1.22913005816699,1.21939878065619,1.28826817814514,1.28806526098026,1.28802564077445,1.15575345342616
"98",3,10,1,1000,"Re-Ordered",1.13082406701063,1.13068286639689,1.13084241163347,1.13119965948166,1.11573083671057,1.13151129462925,1.35462936661492,1.35334390757028,1.36911335447615,1.36930148136613,1.37539988809092,1.37069579010324,1.46369284521174,1.11020128492151,1.10026846692138,1.0289716397251
"99",4,10,1,1000,"Re-Ordered",1.0072501391938,1.00694800238259,1.00708826936623,1.00766093557794,1.00267719824735,1.00826494760544,1.31051332436705,1.30857194085115,1.38051249455462,1.38081400765183,1.38863781958736,1.38357545667395,1.5249712543579,0.990744173252461,1.0134186375041,0.886381374344829
"100",5,10,1,1000,"Re-Ordered",0.908581314046772,0.907887274233513,0.908169399133986,0.908836534891273,0.906246018900535,0.910189222277986,1.29596212165384,1.29335819756067,1.385763430247,1.38649684300579,1.39925524541383,1.3922821989191,1.65008347472967,0.865989121861302,0.893113727361537,0.763332392490358
"101",6,10,1,1000,"Re-Ordered",0.85569159097054,0.855136789370628,0.854891296430525,0.855861456322083,0.846215750369475,0.85691778085702,1.28480314772951,1.28144378665034,1.39615227486504,1.39655652335381,1.40648298499732,1.40128324603978,1.66826622910853,0.839791372072249,0.836883237395743,0.687401346545598
"102",7,10,1,1000,"Re-Ordered",0.734369052666941,0.733605606364968,0.733378243356238,0.734365997262998,0.736169833838844,0.73589013923959,1.21548094240618,1.21188925334106,1.37000615440817,1.37064959981172,1.38343052047692,1.37708465261209,1.69374632942668,0.728877753256876,0.717000606426455,0.596786185340965
"103",2,20,1,1000,"Re-Ordered",1.51298460666929,1.51264286600065,1.50142454733755,1.50051907853299,1.51831124447386,1.50154338101312,1.49273599722198,1.49527288166159,1.49047730356743,1.49184500886662,1.51485701315236,1.49603751169433,1.580088145266,1.59228900738,1.59228467348933,1.44007837161079
"104",3,20,1,1000,"Re-Ordered",1.40727576316668,1.40693768723477,1.40565992408944,1.40566413329743,1.38621299734282,1.40647134669935,1.6173606923842,1.61680013163223,1.61287765073434,1.61363517203012,1.62805324298376,1.61692687489237,1.73081890766559,1.42366134343971,1.43572888425263,1.30062056057222
"105",4,20,1,1000,"Re-Ordered",1.29341905021297,1.29281703711877,1.29298567357525,1.29319245934759,1.27368949589392,1.29452778462849,1.61960151232739,1.61803770463157,1.65179862734548,1.65270369738155,1.66863033153262,1.65779052486575,1.83017070674311,1.28328306958543,1.28224399443426,1.22146760484532
"106",5,20,1,1000,"Re-Ordered",1.15237917299137,1.15164180383789,1.15172284647409,1.15224883534562,1.13855655020404,1.15378075580505,1.56255947034046,1.5600020384927,1.63311468949063,1.63395890369752,1.64847526184555,1.63990972485248,1.8922438251041,1.12353585036229,1.13552882727517,1.08634882410718
"107",6,20,1,1000,"Re-Ordered",1.06576134767541,1.06488488412419,1.06505869439245,1.06572428855527,1.0547616356565,1.06759224772635,1.57523800300649,1.57195659521362,1.68893333888769,1.68989358323498,1.70556090380206,1.69693068756035,1.93244673942413,1.05230209797717,1.0561718653818,1.01785328212822
"108",7,20,1,1000,"Re-Ordered",1.02924328995753,1.02848439706162,1.02878037989621,1.02963069177895,1.02146533987059,1.03121865121869,1.53686020514115,1.53336472054166,1.66915879047753,1.6698775613688,1.68361106533758,1.67611258918256,1.93469638196137,1.01979835096557,1.01230656758592,0.943194673125892
"109",2,5,1,100,"Parcel",0.838093210678868,0.837095706356789,0.839579822905242,0.838139382914588,0.871491766306784,0.840590598821292,0.837353793634271,0.840542633078772,0.83523797279978,0.837666515002198,0.868985538672081,0.846955381214057,0.864310628217532,0.86409173769009,0.864098723270573,0.789373623106819
"110",3,5,1,100,"Parcel",0.683936143624488,0.682981331008458,0.686240350177858,0.685359921491326,0.712020792147834,0.687621747783487,0.793831430470444,0.795649057328648,0.87385038327332,0.875838665126268,0.906839998950584,0.884642499434005,0.9470270302675,0.662624558306574,0.643296794540485,0.589667932349922
"111",4,5,1,100,"Parcel",0.536202838916267,0.535114846945428,0.538234135739597,0.537479991780982,0.570801767781532,0.540009245284138,0.683713947665146,0.685142347510338,0.800073967534367,0.802185269757014,0.83512569302637,0.812208505953164,0.952576295676512,0.544952424773896,0.526977892291079,0.434708083923659
"112",5,5,1,100,"Parcel",0.463334156536098,0.463063878388269,0.465776251353573,0.466163733878839,0.47601792364567,0.46677306258046,0.669790187909704,0.668803068363182,0.812238264024491,0.81247666382984,0.824003878180694,0.81519220041943,0.964790552470106,0.460751681954901,0.45096477433203,0.410087467196464
"113",6,5,1,100,"Parcel",0.389672202791748,0.389882363582627,0.393645534206294,0.394509049903531,0.398546814373559,0.394025802898842,0.574330889482766,0.572669354912809,0.731813196607304,0.731110619610095,0.732516207056703,0.729860870246255,0.872434870746029,0.392029063869954,0.381888563283754,0.332502197081465
"114",7,5,1,100,"Parcel",0.307278605473128,0.307712844749422,0.311765096506298,0.312924737803288,0.299989945245763,0.311909520738929,0.499131406472253,0.496732570896698,0.647042722565055,0.645823551886656,0.641694851445898,0.642475777942285,0.784958574837436,0.311843923150859,0.30258095154939,0.269445368295671
"115",2,10,1,100,"Parcel",1.12684586412432,1.12650334788059,1.12957208346367,1.12875029321364,1.14419129700305,1.12973671952318,1.12583224202932,1.128046283958,1.12444228141307,1.12561975544317,1.14455824905394,1.1294096850819,1.15083868452872,1.1505878236388,1.15059533856412,1.09230979946335
"116",3,10,1,100,"Parcel",0.944694525750818,0.944333081295806,0.945117574355254,0.945034921798016,0.957103911850195,0.945937302790378,1.15749142807983,1.15718960282652,1.20977780534221,1.21040740258813,1.21968703118667,1.21345777580606,1.19791378984875,0.895169043187514,0.89320930498752,0.951649451651292
"117",4,10,1,100,"Parcel",0.768412971897831,0.768112162321933,0.77416668613528,0.774606967260605,0.781369493089883,0.775295053930332,1.0909738829991,1.08925557628824,1.19560555969661,1.19583079045888,1.20140361750943,1.19821504215961,1.20158696623533,0.706508813323744,0.721120542576178,0.758888201070068
"118",5,10,1,100,"Parcel",0.619492931523847,0.619486213620334,0.626790209890209,0.62778874307524,0.624364527457863,0.627784554951833,0.988926399169045,0.985977701435588,1.13104904988713,1.13055133521447,1.12933089267501,1.1304733112218,1.16455000436026,0.581375970921346,0.594782861000969,0.605406615786221
"119",6,10,1,100,"Parcel",0.498844625691608,0.499149711149493,0.506690600694444,0.508047802596888,0.49816997188366,0.507303419306811,0.839713060466166,0.836424130313225,1.02487863602299,1.02373766462245,1.01978422725661,1.02123803898703,1.09422714011624,0.458294221324565,0.479005126688277,0.455970978078814
"120",7,10,1,100,"Parcel",0.313350483802515,0.313951849932631,0.324106246876858,0.325810368460216,0.302745419397768,0.324385199940716,0.611823077258948,0.608084088793963,0.81866723433791,0.81689943600684,0.809431974103764,0.812077811242528,0.987034393222836,0.320346153731411,0.335367052830324,0.288056176867458
"121",2,20,1,100,"Parcel",1.34078183500469,1.3402779238136,1.34394044251329,1.34288037094985,1.36471144610266,1.34428784163938,1.33873811496328,1.34151211860464,1.33708431347471,1.33870663151598,1.36345829681624,1.34417448302163,1.40213750073556,1.40170810557883,1.40171834861378,1.29668443114799
"122",3,20,1,100,"Parcel",1.1734290276269,1.17296172125142,1.17573741019547,1.1754518832756,1.19066889598165,1.17658101297421,1.37284804955507,1.37305437191544,1.3994404164647,1.40037723014833,1.41256049220776,1.40439397468027,1.39807548667342,1.11539172835088,1.14350658683907,1.16390657354664
"123",4,20,1,100,"Parcel",1.01082031679721,1.010513734851,1.01404130485112,1.01444465664137,1.01882157876971,1.01507990518087,1.3295019699515,1.32781910941117,1.39217125543993,1.39241041887101,1.39618538243276,1.39458633582551,1.39240710728165,0.904100833011861,0.946630677701704,0.992792935061502
"124",5,20,1,100,"Parcel",0.6928197321965,0.692772848894955,0.711071272077602,0.712306559412126,0.692917107432247,0.712343580103016,1.15103537367655,1.14731691965159,1.30860870285485,1.30799532673207,1.3081110280934,1.30807036843071,1.35733070843634,0.611438505038687,0.626547518655438,0.660666004607817
"125",6,20,1,100,"Parcel",0.407474732250295,0.407978505964189,0.431080749868841,0.433025840535041,0.399837510017522,0.431836305745564,0.843184713517611,0.838617958043812,1.10962826988639,1.10784051726618,1.10450656053004,1.10380349473069,1.27274717980307,0.381725111091574,0.38417400317424,0.375072513342547
"126",7,20,1,100,"Parcel",0.27076819947416,0.271354587146465,0.288156573469172,0.290041070701499,0.263998433236456,0.288583481729606,0.591646078120921,0.58764415508569,0.834986993529867,0.833099969189151,0.827906524765356,0.82843331733236,1.08006571993963,0.257271980016799,0.292057014986337,0.233645292100067
"127",2,5,1,500,"Parcel",0.970100331888973,0.97031596725738,0.970544924430094,0.970499795728149,0.975258421009832,0.970110566693312,0.970575511153012,0.971366664328768,0.9710674335703,0.971084211966116,0.975882770641716,0.970265151959648,0.980300244993316,0.980057126865386,0.979986363319211,0.824237386351402
"128",3,5,1,500,"Parcel",0.865111255074242,0.864930632190859,0.865274599925955,0.865395963594886,0.877114914379737,0.865832453486079,1.0198891344738,1.01978509448171,1.09655336305412,1.09702073524549,1.10911560615802,1.09945661337483,1.13026004782018,0.840957737561258,0.829862389333464,0.662072264943966
"129",4,5,1,500,"Parcel",0.78759480027473,0.787439281479567,0.787985324795624,0.7885787107815,0.796095460706964,0.788926781976982,1.07735771044512,1.07564535102213,1.18156831609299,1.18174727560545,1.18800041664205,1.18372476456517,1.19990099461489,0.780420370784628,0.775696641879674,0.591666524214402
"130",5,5,1,500,"Parcel",0.666715268474583,0.666081781716073,0.666937880630686,0.667307857023679,0.681193894177692,0.66872490515195,1.01690473150249,1.01528661419701,1.15195827722965,1.15295360924644,1.16984539286398,1.15906217117493,1.23255349455996,0.681422303488182,0.663037753154889,0.44419182136995
"131",6,5,1,500,"Parcel",0.645635195903698,0.645100015035001,0.645823278183521,0.646390826827933,0.659676290549676,0.647583393798773,1.02500932280882,1.02286666995056,1.17078236316062,1.17147640798455,1.18408825174325,1.17655763118924,1.25342319105819,0.655319157990633,0.632165847803616,0.464604850253583
"132",7,5,1,500,"Parcel",0.605313137594832,0.604841796212249,0.605187055022985,0.605917316148636,0.620605474744713,0.606942764219968,1.00149181578172,0.999069213495627,1.17096868241643,1.17151674344901,1.18345862509886,1.17618828447562,1.25499128012618,0.61784429425453,0.606950345330603,0.391200770281479
"133",2,10,1,500,"Parcel",1.24235264207607,1.24260810335472,1.24265061283635,1.24249160122486,1.24667161940528,1.24210117383177,1.24208333172378,1.24314375158216,1.24265671209634,1.2426452657313,1.24792051890483,1.24140165765682,1.27068377181786,1.27038875773639,1.27038602284137,1.19720866679521
"134",3,10,1,500,"Parcel",1.10606819489667,1.10609695324149,1.10653653046248,1.10692651154627,1.10429147527087,1.10693434230779,1.33503686658341,1.33384110020565,1.38236608662033,1.38226123187267,1.38403857715748,1.38218024220644,1.38397185338244,1.07665767434901,1.07335376582865,1.06984655396934
"135",4,10,1,500,"Parcel",1.01078939962225,1.01057922835851,1.0113030758045,1.01197206400902,1.01045940299134,1.01244172338589,1.37906667245168,1.37652814841735,1.43320792962039,1.43332459518155,1.4334692408668,1.43505170362592,1.44261513405886,0.991028302510494,0.990889201981811,0.927557694275176
"136",5,10,1,500,"Parcel",0.969241149545895,0.968936106441129,0.969665492939434,0.970448063956997,0.968368723741559,0.971103092718732,1.39287425424001,1.38982322457289,1.45432715058817,1.45454820350441,1.45497715002608,1.45706957954712,1.464970857267,0.955104937008243,0.953305227297645,0.85006885710629
"137",6,10,1,500,"Parcel",0.894376808715946,0.894007076454054,0.894960101986744,0.895989950680665,0.895824324919527,0.896747137262556,1.39270059894912,1.38883381304582,1.47210710884729,1.47233633434222,1.47149782872429,1.47546111160407,1.49472307679482,0.892939069366087,0.88818434660561,0.719633048990467
"138",7,10,1,500,"Parcel",0.871769262302096,0.871342796083105,0.872019411441178,0.873132981790785,0.875115783207828,0.873979490882631,1.40064639403736,1.39649113899298,1.48449485121835,1.4847825817781,1.48386969684287,1.48840162373257,1.50792481688063,0.862451941178113,0.859816967560871,0.655805491576609
"139",2,20,1,500,"Parcel",1.44415292225487,1.44386149387945,1.44307543781119,1.44225350656044,1.46165349017892,1.44317098415093,1.44075761026045,1.44313910722799,1.44002930089749,1.44126036420102,1.46158514878114,1.44502310027269,1.51573180563125,1.51545747697219,1.51545432961498,1.37997874015856
"140",3,20,1,500,"Parcel",1.33689635414761,1.33662631363577,1.3373244111968,1.33731865678455,1.33830840598219,1.33801045532753,1.54971841911471,1.54935140141563,1.57552306523911,1.57610615157082,1.58638916226287,1.5786789202204,1.6300202537677,1.31964151315385,1.33441639892872,1.29509460783148
"141",4,20,1,500,"Parcel",1.24952983385774,1.24916124115199,1.25051008622535,1.25085653147685,1.24839120793565,1.25171469649311,1.58505345198905,1.5832706731686,1.61735000878826,1.6178614510253,1.6237782437346,1.62093974360436,1.68403002036584,1.23895429693098,1.24770457075739,1.20818766727327
"142",5,20,1,500,"Parcel",1.18313537999125,1.18269844914355,1.18414990800206,1.18473624959548,1.18110324226497,1.18570868406444,1.60298567893513,1.60023279487208,1.64145372978727,1.64190223258544,1.64449151270488,1.64528460954621,1.71483358685987,1.1728225707085,1.17930803544642,1.15303916490666
"143",6,20,1,500,"Parcel",1.14712283001135,1.14669462081111,1.1474290355942,1.14821948482688,1.14671974583605,1.14913783978488,1.61721554958688,1.61378988705216,1.65804991440573,1.65836463350086,1.65697957396614,1.66151669827362,1.72860397223076,1.13334924455901,1.14017027197428,1.11442182239356
"144",7,20,1,500,"Parcel",1.10478933137307,1.10431621452798,1.10540232951108,1.10631393208062,1.10482778520846,1.10731096844174,1.62099964570179,1.61708169897822,1.66785555105905,1.66815491266636,1.66535594598443,1.67155549148895,1.73773190664133,1.08859048705018,1.09585568906434,1.07339993551988
"145",2,5,1,1000,"Parcel",1.01120685622715,1.01169935282398,1.01167246799196,1.01188881050757,1.00937197871316,1.01088607437482,1.01203856543504,1.0123233563703,1.01317674616904,1.01259874828529,1.01052669775421,1.00923623757444,1.01793769451924,1.01767446907933,1.01763596377276,0.925577271269445
"146",3,5,1,1000,"Parcel",0.870388819403917,0.870570998892798,0.870725645911841,0.87128327754222,0.870664269962244,0.870883799179939,1.04355657769027,1.04253287673402,1.12435109738079,1.12402152825427,1.1271296940169,1.12318300857632,1.14016592471636,0.836579862099961,0.82894201970325,0.698465651581841
"147",4,5,1,1000,"Parcel",0.801302562353123,0.801222201700257,0.801466579334581,0.802135321103254,0.802275413343388,0.802291668493676,1.07840386203308,1.07662166245106,1.18262987415795,1.18265025116692,1.18893267433204,1.18399350779634,1.21704296732617,0.782811069526175,0.775751696432434,0.591312402492083
"148",5,5,1,1000,"Parcel",0.689298803254988,0.688915090601889,0.689361996727874,0.690007578944576,0.69586601609175,0.690848581786159,1.04822005342366,1.04595471881864,1.17088327835175,1.17131387206003,1.18027038478521,1.17501798439594,1.23990771307883,0.695787439104401,0.68286398071703,0.519822933711096
"149",6,5,1,1000,"Parcel",0.665414749613868,0.665089121859912,0.665431905738271,0.666375552614447,0.671453878739585,0.667058348059788,1.09233500207504,1.08916937952186,1.22755307105354,1.22774349019041,1.23219788615303,1.23083629441205,1.29015085428578,0.675905917918511,0.666186252271479,0.491699208569656
"150",7,5,1,1000,"Parcel",0.611132894924969,0.610724107314609,0.611097490061181,0.612028307108941,0.618114277371864,0.612918640519126,1.05751863865039,1.05431637634858,1.22076631206641,1.22105591884131,1.22838791431384,1.22485693188277,1.30911655988203,0.632631863316389,0.615765361333324,0.463126062625827
"151",2,10,1,1000,"Parcel",1.24042063306031,1.24085851634053,1.24057987613276,1.24063386767775,1.2406809637148,1.23981431243303,1.24054988774598,1.24122792848616,1.24154641109385,1.24115851572289,1.24209211336017,1.23835468452848,1.26377594997046,1.26347741365061,1.26346691865943,1.18717501837526
"152",3,10,1,1000,"Parcel",1.13006055713348,1.13016021948405,1.13079297445089,1.13123919734585,1.12744643861117,1.13109821865679,1.35592616950406,1.35465531405315,1.40256530833634,1.40235681022181,1.40293040287884,1.40176027620237,1.40662725293166,1.11620948330154,1.11629838276477,1.09143239169559
"153",4,10,1,1000,"Parcel",1.05408832022951,1.05389793307301,1.05458872374659,1.05522095561357,1.04930691606626,1.05566338172062,1.41386741721713,1.41144421371955,1.46665524082834,1.4667737531303,1.46814481006597,1.46837627746063,1.47260220204614,1.03795640940438,1.03684765859568,0.972454032570123
"154",5,10,1,1000,"Parcel",0.962123789722555,0.961755422093025,0.96263669498179,0.963419753511119,0.958600711606476,0.964250821799086,1.41928043820345,1.41598317305908,1.48638640637626,1.48666740413867,1.48746720771177,1.48958336251846,1.50240312852592,0.96475453097625,0.953528260246348,0.891280623004192
"155",6,10,1,1000,"Parcel",0.933374281384838,0.932942634653985,0.933631490717408,0.934619873172798,0.931177474165044,0.935532099566329,1.45524534479794,1.45121035611725,1.52426656571536,1.5245376592613,1.5229640236606,1.52786710282906,1.54653333745824,0.928360489644049,0.923254657411389,0.828779649785501
"156",7,10,1,1000,"Parcel",0.878426545143044,0.877919821921461,0.878684483314364,0.879739602006997,0.877489348124768,0.880819504187818,1.43983793509124,1.43547783552049,1.52115132819981,1.52151923901865,1.52061385199615,1.52553034238036,1.54537807071851,0.886893930695251,0.873638728522936,0.7530079401948
"157",2,20,1,1000,"Parcel",1.4428676237353,1.4429629510404,1.44171964603357,1.44134212575338,1.45153625778808,1.44135427555495,1.44057468211395,1.44215179548332,1.44070742296936,1.4411366186412,1.45225704151406,1.44156816997492,1.50392515268886,1.50363948490741,1.50362575141543,1.3702065707168
"158",3,20,1,1000,"Parcel",1.34632795488074,1.34607171399459,1.34638976947676,1.3464219513866,1.34639328157541,1.34708396869693,1.56580394867039,1.56532047282216,1.59331823460579,1.59385177847247,1.60355939393489,1.59626923191996,1.65603096290212,1.33242168866535,1.34624249586918,1.31632229109759
"159",4,20,1,1000,"Parcel",1.28073308835255,1.2804026721436,1.28118160053581,1.28158944895921,1.27718722558841,1.28236147963671,1.62439741206144,1.62244821879325,1.65646481155898,1.65687127060486,1.66153262030759,1.6595542955391,1.7286302021501,1.2676670584457,1.27249772218594,1.2533466957021
"160",5,20,1,1000,"Parcel",1.24124962619465,1.24092231938255,1.24205726315913,1.24274063795373,1.23680390641332,1.24346252441236,1.6541168946044,1.6512618279409,1.69205210663781,1.69230659277077,1.69318211181313,1.69482128725758,1.77315346128512,1.23208278649585,1.23905867485997,1.20228379102355
"161",6,20,1,1000,"Parcel",1.18905388160935,1.18865516607303,1.18965061821484,1.19053139102507,1.18634907527519,1.19138576340589,1.67631017106378,1.67263634043309,1.71895034651909,1.71918473712531,1.7170044346613,1.72210473526514,1.80616495716774,1.18464588175068,1.18514469447533,1.15481795721714
"162",7,20,1,1000,"Parcel",1.13175498663897,1.1312570315491,1.13222266915029,1.13320879544538,1.12722435452491,1.13425482672809,1.67778960516294,1.67353181964942,1.7210360825646,1.72134210223244,1.71825432374858,1.72490734383205,1.80080068466351,1.12409828556819,1.12760229726215,1.09522427918577
"163",2,5,2,100,"Ordinal",0.537952578823353,0.558697346744014,0.552544202244491,0.55961874385096,0.594652399590357,0.559181144677893,0.546829736487142,0.556049925587936,0.55699952453634,0.55353883226496,0.584133460051499,0.567354939601416,0.579589271391477,0.58105508722572,0.581022177634019,0.481004201622212
"164",3,5,2,100,"Ordinal",0.668185941357625,0.701953576352727,0.699521356691404,0.704967486543163,0.739664298371774,0.695114499347474,0.70178208025462,0.681819273821362,0.691711808102385,0.67816734037794,0.697428133980372,0.698627818270577,0.604432580796392,0.61917298802801,0.622861790396583,0.580383406240972
"165",4,5,2,100,"Ordinal",0.722714005204237,0.742590819468238,0.75343969870847,0.750775993012845,0.793526220380358,0.746785275795077,0.750947568706699,0.718521244479372,0.743090705282435,0.721901037415063,0.72308395900181,0.738838853659474,0.570159648112881,0.632405409101563,0.616939273376797,0.62378960572442
"166",5,5,2,100,"Ordinal",0.670489042508074,0.683000854300927,0.693085369522479,0.690805891927924,0.731636809079788,0.686813352323361,0.688198271983106,0.660539783060818,0.668057008099497,0.656310838614911,0.660659356572575,0.669254498256326,0.506653327376701,0.566327179838981,0.564918935220502,0.601434039419371
"167",6,5,2,100,"Ordinal",0.64359518244475,0.658353568452892,0.665755174224647,0.660903052226947,0.704587094350539,0.662540372191805,0.657832461923506,0.637463054569468,0.64400266656396,0.624278554324517,0.630321830083587,0.639901878070912,0.462315786334345,0.555305339849838,0.538023117477127,0.587955859538141
"168",7,5,2,100,"Ordinal",0.674542269177349,0.680275934621002,0.688290825643249,0.684830478402903,0.709049925903914,0.691841011456315,0.679430020030298,0.65837697440396,0.653970631746922,0.631235464459763,0.632417487480688,0.643738541321414,0.427009869110979,0.553575618493066,0.53229177757883,0.617492768603706
"169",2,10,2,100,"Ordinal",0.701723585665075,0.704779407944822,0.71111359744889,0.707613608228168,0.71640473679424,0.709536229491448,0.702671769543691,0.702628060494321,0.70320537090068,0.700972422153671,0.719849648912204,0.706757090945172,0.641829959294587,0.632313632696271,0.631928508480558,0.573727517860184
"170",3,10,2,100,"Ordinal",0.814372992339723,0.822775247755071,0.828780297200196,0.826087151562532,0.842504530297056,0.820040163830951,0.834466889227363,0.817671950749989,0.822262009599129,0.816032040761983,0.815378988710729,0.820826273091594,0.592605066206637,0.619372950067752,0.629438477505196,0.652236292641266
"171",4,10,2,100,"Ordinal",0.83702166181499,0.853794785543524,0.865912340076007,0.860168517321847,0.861169337253762,0.854156633744999,0.863908710124089,0.838425949752994,0.843372329942422,0.828849177768317,0.818975041058837,0.834754298926796,0.588392040881002,0.659562095929302,0.659635866302266,0.7154850487589
"172",5,10,2,100,"Ordinal",0.81689020669414,0.834190304268793,0.851002331324229,0.845370097251667,0.841717707592141,0.838560843558366,0.850009861630366,0.817431145313154,0.821360546607924,0.799368487216572,0.785932440015005,0.808520303444098,0.517318267813602,0.677329888010158,0.665062302983992,0.744595080782207
"173",6,10,2,100,"Ordinal",0.802452533282679,0.811207408068457,0.828105641552599,0.823861913183047,0.816469894244562,0.816872683885437,0.82723615324183,0.798116975071105,0.785684442789475,0.776016934678772,0.762646147404834,0.778397891294489,0.435619054512797,0.642592715449836,0.594314189661946,0.721261477389262
"174",7,10,2,100,"Ordinal",0.751961430369829,0.756081120775155,0.763710980250087,0.766017874010231,0.759600254520836,0.761368176583212,0.767978079572925,0.746123324293804,0.728508148204994,0.718303677266884,0.706303729943605,0.720324334336194,0.405473930709753,0.632972708054079,0.569624727352256,0.696329843732473
"175",2,20,2,100,"Ordinal",0.824832786578008,0.833460861217571,0.831818088580217,0.831398712135889,0.837526243764305,0.83096215414363,0.826851326969001,0.829144698459501,0.824560418525483,0.826775412333745,0.835939038940798,0.826787293297692,0.677071599137912,0.665565463218361,0.665518876033035,0.633719684700154
"176",3,20,2,100,"Ordinal",0.991190658260931,1.00590004833954,1.01827917250008,1.01555063108541,1.01430546405539,1.0088642891433,1.01481616067465,1.00668499272729,1.00529450172215,0.997428895333829,0.991616722296351,0.998692448753655,0.758491414348932,0.809853166773712,0.780339166031211,0.791278233516067
"177",4,20,2,100,"Ordinal",0.983817087384831,0.994923016988222,1.00623153779224,1.00834293316613,0.997995264840397,1.00352451875145,1.02099095955073,1.00327461210729,0.996187344186098,0.986517263525766,0.973241523317968,0.986455301513136,0.64913552499005,0.808744593354293,0.779504368979895,0.842301683070274
"178",5,20,2,100,"Ordinal",0.932782476669533,0.948177459721407,0.963500189127167,0.961584386402984,0.952725308294907,0.954855764888228,0.981531008223221,0.964426169898905,0.949509401445771,0.938708384976941,0.92143288841531,0.938663110961419,0.517952856016575,0.819759192561472,0.791137123848497,0.822961583654669
"179",6,20,2,100,"Ordinal",0.821082666099106,0.840010564946571,0.863676376925571,0.860773374216613,0.84808871397808,0.851663714261295,0.888659473097681,0.857357607064582,0.831217898048715,0.820773055828756,0.810284806484605,0.826332054424555,0.395540333696246,0.744833838402043,0.712263733931825,0.794550153030459
"180",7,20,2,100,"Ordinal",0.771033411387072,0.774803375187803,0.792033221531961,0.797166925682501,0.775879831779126,0.795031991586982,0.811932194075178,0.80079274967035,0.762590645111473,0.762921444883322,0.747506414974942,0.756223745080689,0.317348050610808,0.699457154048716,0.652533087175387,0.733205357896493
"181",2,5,2,500,"Ordinal",0.649022817002647,0.671606682319962,0.669470738143119,0.672851869806343,0.698822046524076,0.670843692281033,0.663796940185287,0.664053637059083,0.672353648391315,0.661988933260769,0.686388269899245,0.677116298794668,0.659331200194551,0.661227924481947,0.661013979448426,0.523988863299997
"182",3,5,2,500,"Ordinal",0.81208835346468,0.840276660594042,0.846974892231623,0.840702729969498,0.863122440220074,0.838625888871883,0.83507253380845,0.799487481683547,0.827246674593331,0.794383194271952,0.803143465914754,0.818218341308022,0.724668838725456,0.788842828109495,0.778988812659607,0.608787331683902
"183",4,5,2,500,"Ordinal",0.892611939846459,0.924051781613207,0.934047400400593,0.924538865124868,0.93707654629145,0.922024916495764,0.891051674963581,0.839157767976784,0.869277065685947,0.824034293250206,0.833332271543268,0.854998835644178,0.753849623940401,0.868313354777006,0.844951305696484,0.698476923225212
"184",5,5,2,500,"Ordinal",0.945017629043451,0.951041188073001,0.975436665726203,0.954103898542222,0.977496761071869,0.965475256562797,0.927899168527551,0.877774370359541,0.900503637190587,0.859007694750327,0.878877156341692,0.887804683484134,0.72558696590427,0.875764168884358,0.851223997000606,0.745051347396493
"185",6,5,2,500,"Ordinal",0.937026845577988,0.966670947412191,0.983165216406379,0.968528250710646,0.981512685305062,0.970661573236637,0.926700025166237,0.874675945645856,0.89699268264002,0.844267040546931,0.856753530724261,0.878592371647232,0.693084427838618,0.866222896057812,0.841005324340518,0.74492462840174
"186",7,5,2,500,"Ordinal",0.947016695366492,0.963783371952009,0.983865068583642,0.964337180162421,0.985239453883512,0.970597342537759,0.931466941217054,0.873319373699664,0.904588215193535,0.845428380697962,0.862341594003266,0.883698906133108,0.641173203905515,0.865999860224008,0.849100006635992,0.783235856823674
"187",2,10,2,500,"Ordinal",0.931773026978655,0.930737931681129,0.948864765711595,0.933633040332298,0.93702159230909,0.937150252063302,0.948397649589875,0.921564613824865,0.945186168948431,0.922011795599667,0.925523890058962,0.933491623998052,0.878044036632951,0.875403507689157,0.874585081088906,0.629054394500543
"188",3,10,2,500,"Ordinal",1.12075155135412,1.11376877398335,1.13333879911726,1.11412267850375,1.1061079128762,1.12324072998871,1.10511378312887,1.07627260756146,1.08667593499772,1.06202686818937,1.05821635797524,1.06856662410192,0.911735019569286,0.983689448799087,0.965026786246242,0.773060217636743
"189",4,10,2,500,"Ordinal",1.22816494117859,1.2285609602138,1.2408542427089,1.22788612592872,1.21231901702919,1.2330319496764,1.19011373772417,1.16533027798109,1.1757941168927,1.15198199420381,1.14894771361259,1.15777563951533,0.988479252922134,1.0849215825889,1.06682314093091,0.82280190431201
"190",5,10,2,500,"Ordinal",1.26861728591315,1.26920721501468,1.28200762697602,1.2698658309912,1.25191694923184,1.27621553797436,1.21183641154208,1.18788709726077,1.20166698713838,1.17595214946716,1.17454593749624,1.18212927620728,0.963331905241402,1.10893090765773,1.07028925192095,0.915354032042951
"191",6,10,2,500,"Ordinal",1.27127042137118,1.27392916254873,1.28366679527141,1.2746027547309,1.25365731443107,1.2800199838917,1.21153100950235,1.19206840402012,1.20035738187413,1.17677555135478,1.17434920469966,1.18094349774502,0.867584472685593,1.12404653277819,1.10134710855392,0.934908340153356
"192",7,10,2,500,"Ordinal",1.29906213554142,1.29524985675683,1.30893424368733,1.29456640502623,1.27390399861871,1.30145884187863,1.22554695178158,1.2047364664911,1.22129399241488,1.19761861375732,1.19488762640855,1.20025283618178,0.753199993351424,1.13077357462328,1.10821316339176,1.0080965134589
"193",2,20,2,500,"Ordinal",1.20364491382489,1.20429923416753,1.20953683032872,1.20312451701292,1.20344075732759,1.20560741540413,1.2070473755482,1.20024672882568,1.20684265604653,1.19960696691514,1.20636216976647,1.20151163861986,1.13129159872386,1.13332001133463,1.13305880776493,0.79204546512188
"194",3,20,2,500,"Ordinal",1.38477802366779,1.38617454347059,1.39214647917847,1.38656563849974,1.37445017052389,1.38880981024272,1.35520522958538,1.34661886341238,1.34252596128875,1.33337492173013,1.32887726693189,1.33069535240341,1.21982866803733,1.28250664466616,1.26179904952609,0.92450721608144
"195",4,20,2,500,"Ordinal",1.4732112794465,1.47425120161239,1.47910759130772,1.47371348687476,1.45543431405574,1.4762609179449,1.41273736118513,1.40556102283951,1.40490111869255,1.39637115107032,1.39581724466676,1.3932873719851,1.30580793905896,1.38431166748601,1.36533477617215,1.02163646039919
"196",5,20,2,500,"Ordinal",1.50627389511982,1.50922315900961,1.51200870863184,1.50803837181343,1.48914443636597,1.50875535473815,1.43630441627577,1.43194289118603,1.43899147499433,1.43266873325457,1.43380496133314,1.42856010000374,1.29427065780924,1.43632944620336,1.41729592669871,1.07054090374544
"197",6,20,2,500,"Ordinal",1.51761851981232,1.52128901459097,1.52508890879813,1.520851461371,1.49500517066173,1.5216286285494,1.43654322049401,1.43167389846135,1.44940475000775,1.44135601688869,1.43823917569138,1.43512244101132,1.1302878534465,1.43369068553632,1.42498938709577,1.13949413472633
"198",7,20,2,500,"Ordinal",1.52357979615182,1.52749841417111,1.52798907355095,1.52443875268364,1.50262832684121,1.52477247875021,1.44258778287259,1.43974892313478,1.45956230833856,1.4522244162347,1.44755582831586,1.44396193586802,0.735875275970969,1.45713730122591,1.43977688721078,1.16717496820973
"199",2,5,2,1000,"Ordinal",0.700616401918367,0.709793348092299,0.719831812850346,0.710279316198252,0.729495883555769,0.719386456881911,0.71825701344776,0.702752364743322,0.725562635107414,0.702533609253233,0.721766658745716,0.719791897893656,0.70037154745936,0.703435056696956,0.702691098262552,0.515147869455391
"200",3,5,2,1000,"Ordinal",0.880588312776357,0.901423969127787,0.918071981283811,0.902013843478343,0.921311572735416,0.905294355953928,0.894871168628072,0.842668606871119,0.883343195677373,0.839556620052188,0.848192384144556,0.868280229386525,0.797478860474318,0.854844032500755,0.842014953687843,0.639455965595513
"201",4,5,2,1000,"Ordinal",0.957734565531572,0.963544681513856,0.986606842725665,0.964126944271044,0.967733374889724,0.974021361569369,0.952518964882256,0.907573943581588,0.92820182015827,0.888977170729335,0.896219445408005,0.910556272731424,0.78945980732897,0.886171014338929,0.862290875391567,0.711110781712369
"202",5,5,2,1000,"Ordinal",0.970875602521516,0.980291243300109,1.00103152207631,0.981187231627995,0.988908323628225,0.98871709688889,0.942599075600845,0.89692907976155,0.921920004176805,0.876390390081068,0.886162970677896,0.902347305332018,0.770677932232275,0.899014307039283,0.871857921110877,0.70371780939973
"203",6,5,2,1000,"Ordinal",0.985384114616153,0.992897364939984,1.02441067406325,0.99285441173915,0.996567613326617,1.00824310757528,0.964051704046873,0.894860956525385,0.940008374998954,0.871688165089909,0.876099049026837,0.907057633638962,0.730877612627807,0.903789233661525,0.893332552931362,0.743428771732928
"204",7,5,2,1000,"Ordinal",1.06371184284601,1.074614746448,1.09680333827297,1.07561662386579,1.0735160955539,1.0845523976417,1.01892700819385,0.969886504419271,0.987988793018168,0.93344911200366,0.944512163689502,0.963136593570587,0.747493504436261,0.956913417157983,0.951186935038279,0.817477264884141
"205",2,10,2,1000,"Ordinal",0.971064683080773,0.965052495177709,0.983076505910986,0.965515881534974,0.967048573051784,0.972913763061842,0.983724807414152,0.956110402122226,0.981772907250905,0.95693499224363,0.959949805232026,0.967657106835335,0.892056754651645,0.894294784592047,0.895323374695832,0.659428722708692
"206",3,10,2,1000,"Ordinal",1.18009573884355,1.17005499886841,1.190367930435,1.17023390841809,1.15535391705478,1.18046697892022,1.16089688878934,1.13334475104292,1.14057821257505,1.1162559853751,1.11019313825508,1.12068329296863,1.00758695882999,1.06537473784138,1.04611639045455,0.780482036204193
"207",4,10,2,1000,"Ordinal",1.2525028783544,1.24767859378218,1.2642076141889,1.24721650558268,1.22658284305508,1.25574648231991,1.21116420539768,1.18361790111693,1.19383466941227,1.16900335695195,1.16472556816269,1.17380223575033,1.03682506701435,1.11622985088568,1.08453421445105,0.845440941945631
"208",5,10,2,1000,"Ordinal",1.32369835847199,1.32642848562987,1.33709057780701,1.32567232776692,1.29530559070635,1.33131707402615,1.26295196771788,1.23975911479849,1.24711666937419,1.22247867793333,1.22340500396335,1.22849341086752,1.11062487481879,1.16953441432504,1.15505779107189,0.952113538317076
"209",6,10,2,1000,"Ordinal",1.33245515385923,1.33134772180251,1.34339045149438,1.33068022362714,1.30072856785195,1.33839186303111,1.26916049750316,1.2469382674763,1.26083509306585,1.23582720790629,1.23498389735095,1.24010686857295,1.02850750522571,1.1693426136749,1.14083145072542,0.970673888865455
"210",7,10,2,1000,"Ordinal",1.35013725462198,1.34407775625456,1.35997758302387,1.34286992594259,1.31062965085919,1.35284416135406,1.26914418052358,1.24433043219542,1.26241662467595,1.23525003730325,1.23787666330484,1.24037412905755,0.914658578062702,1.19682226197529,1.18310805980548,1.00880045092651
"211",2,20,2,1000,"Ordinal",1.22108021654349,1.21967283174321,1.22478764708416,1.21803784717451,1.21691597206139,1.2208060948005,1.22355151109515,1.2145606428286,1.22334504362691,1.21447656134364,1.21643034047276,1.21521505884108,1.13924066649926,1.14449517432492,1.14503437238193,0.734964583769531
"212",3,20,2,1000,"Ordinal",1.44328626240372,1.44355728654478,1.44777491136426,1.44258115330919,1.42810307135915,1.44477682626339,1.40818009473563,1.40020971988078,1.39068119829862,1.38198788183394,1.38031319175336,1.37968735658314,1.29038069780431,1.34843434754727,1.34384079589275,0.917724216310945
"213",4,20,2,1000,"Ordinal",1.5231468603553,1.52646575392403,1.52955839080237,1.52578835515677,1.5010537435114,1.52786407498924,1.45924038582952,1.45313117180716,1.45389925972559,1.44637284987465,1.44621901259908,1.44239465117435,1.39256663152682,1.43333847123611,1.42744679286914,1.03511864179972
"214",5,20,2,1000,"Ordinal",1.55320652210764,1.55242518051126,1.55844958627112,1.55221450788689,1.52220965618996,1.55602253917825,1.47632152379293,1.46908631656037,1.47957207210335,1.47031094759484,1.47153963798812,1.46603522656733,1.3710447627105,1.44938498466164,1.43757302347751,1.05743817088668
"215",6,20,2,1000,"Ordinal",1.58525830261076,1.58881005185161,1.59102027488173,1.58769554597254,1.55248591208891,1.58973597417226,1.4956618776156,1.49164440993289,1.51483396016537,1.50803011266237,1.50841094385231,1.50143951852799,1.38476176428809,1.4943533535827,1.49261211101114,1.17057065995596
"216",7,20,2,1000,"Ordinal",1.5702643129708,1.57458286411401,1.57674268589469,1.5733009828188,1.5386884234534,1.57566145177869,1.47372420365428,1.46968735300961,1.50014803824305,1.49254958454185,1.49387868450017,1.48597032375368,1.22412615458821,1.45622984236694,1.46644227800117,1.17727717698781
"217",2,5,2,100,"Re-Ordered",0.57952151348146,0.602035904828363,0.597652686177057,0.604352365049263,0.635255607293082,0.602432198707721,0.592829770860021,0.600389065541148,0.600689750358127,0.598122982965179,0.625344692895594,0.610425519362205,0.592242753648719,0.588981021169789,0.588564144288585,0.489419689553676
"218",3,5,2,100,"Re-Ordered",0.474613328354438,0.487268307115561,0.486697357517106,0.48792543743371,0.516491589427103,0.485730742882481,0.530632856685342,0.537031554499821,0.559925639904532,0.556106798964283,0.576758979925574,0.566083746891858,0.449741005407572,0.425882348435651,0.425448428224889,0.420838646663517
"219",4,5,2,100,"Re-Ordered",0.415860484981449,0.427964992072804,0.424170133945261,0.427829896006686,0.44069338450329,0.424557268964913,0.484433659189393,0.473096567820777,0.524556939258419,0.519407647599014,0.528844279319887,0.52700117125142,0.388352654501272,0.361234001935829,0.341127817788172,0.367451333234894
"220",5,5,2,100,"Re-Ordered",0.354997433897278,0.358201374836605,0.355278894369009,0.359578286473322,0.377052860298044,0.359927104519111,0.424705424711284,0.433334473184628,0.476479890751284,0.482677308745805,0.490227585350851,0.481000472637217,0.33289633141774,0.29528913715857,0.276997574202551,0.324632747602753
"221",6,5,2,100,"Re-Ordered",0.350350994231528,0.356853245852138,0.352573368618637,0.357689471155332,0.370987111656868,0.35623852580707,0.415456157274596,0.425267742737384,0.461393294473054,0.471776345779312,0.479996317830801,0.468585119712801,0.302059217601368,0.283091050727291,0.252434968122665,0.337271277064763
"222",7,5,2,100,"Re-Ordered",0.303886841796597,0.308371348779648,0.298726364743706,0.308878203921539,0.318598070294144,0.309905584639761,0.369767685706528,0.376114917448062,0.409978156048942,0.420258343384809,0.423908388536935,0.415486986174558,0.259838405017003,0.244930031698034,0.229808025978887,0.286454072174196
"223",2,10,2,100,"Re-Ordered",0.68798300080011,0.696848784606241,0.701437919621476,0.695354843076143,0.719759579211277,0.697557243341036,0.692576958492251,0.689580383158829,0.690763404679355,0.685875293704175,0.710957639897995,0.69707479620496,0.650703915287771,0.632007512938032,0.632055853423596,0.564427745942381
"224",3,10,2,100,"Re-Ordered",0.590988198308646,0.597722119339852,0.603660560504628,0.601683520976047,0.612743359396255,0.601521488325969,0.685174172164152,0.67393459277756,0.715101144681954,0.703379048849363,0.707946319512617,0.711075679109621,0.4703502289982,0.460627295280304,0.450648683862435,0.497673435820352
"225",4,10,2,100,"Re-Ordered",0.517580467583087,0.52251405682168,0.522710222159312,0.527425222179672,0.527870570162733,0.525157467062253,0.636965065009869,0.628555191852772,0.671424991577177,0.666872753107768,0.663104984483108,0.667900845870985,0.386135612550091,0.367502918336617,0.346341185184487,0.422419690236386
"226",5,10,2,100,"Re-Ordered",0.447674060967664,0.45294921762523,0.443700192509817,0.452879502930928,0.457622351428156,0.449947685955841,0.57666066701736,0.554669498504731,0.614014406994611,0.602501331214897,0.600811480578076,0.609950529537763,0.310830597622673,0.335309750969244,0.307156853593148,0.372323519021917
"227",6,10,2,100,"Re-Ordered",0.426506866268981,0.431821318834088,0.420941624934226,0.43532370578036,0.439405635275341,0.431992533828664,0.537568801296569,0.529453375190582,0.567282289436627,0.568691204861085,0.566391986482176,0.56844393966189,0.284917372440439,0.311275911488983,0.286366020392288,0.355006170106011
"228",7,10,2,100,"Re-Ordered",0.380122872565534,0.377484034344521,0.371699877961979,0.378527734395741,0.386965383997963,0.379172590421754,0.49363266479863,0.490852091789245,0.527364013958251,0.528240632093231,0.525393901650231,0.526475081808746,0.240765176748214,0.296526167927218,0.267949713465791,0.316425406383318
"229",2,20,2,100,"Re-Ordered",0.798276642516562,0.809841757797125,0.807325879266532,0.814965238719567,0.819047693727226,0.808806577880291,0.803216791661569,0.809234197639365,0.804573354250375,0.807683564159756,0.814724511943043,0.807565858069658,0.693102386839702,0.675318872411921,0.675176734254478,0.674665733466006
"230",3,20,2,100,"Re-Ordered",0.690843499201456,0.696321213092635,0.703240690105245,0.70449766508092,0.700148419099883,0.699302787136269,0.832650012503932,0.816201244690523,0.850444189610303,0.839108523329742,0.833262088489942,0.843868134442775,0.524289221772363,0.551274532659076,0.527685251452952,0.549180743885494
"231",4,20,2,100,"Re-Ordered",0.560515046143404,0.572779513000572,0.566632123441726,0.58131262237453,0.578154414315235,0.571430556181218,0.731036183643979,0.696596652800253,0.737781206845801,0.728920833572372,0.725605749993251,0.73834668607734,0.415355361645138,0.440815814976793,0.42834091080472,0.477960503624215
"232",5,20,2,100,"Re-Ordered",0.53508116752923,0.533685876526994,0.525642882762704,0.540090499720308,0.534326714588759,0.540303057322553,0.674994173030637,0.661998214580852,0.690884172402069,0.690479954426496,0.683571749969656,0.688513698434695,0.312038440671208,0.403798445036357,0.363849064947264,0.427155759581631
"233",6,20,2,100,"Re-Ordered",0.476730400796334,0.478943038305965,0.46498136163519,0.479973702414674,0.48526956599196,0.478034912449501,0.608545515087004,0.594570136468674,0.616688075121688,0.616907097684231,0.613584797451714,0.617781361924055,0.250084994243496,0.378753123397887,0.340104782467301,0.362426079099906
"234",7,20,2,100,"Re-Ordered",0.4397082580499,0.440896523959891,0.427623142889838,0.442560161832074,0.440732660477514,0.441907524830099,0.58374752982979,0.577206319580236,0.600156509443087,0.605470960685583,0.599206668323335,0.601177969673314,0.199773076793795,0.360536595636531,0.308171581230769,0.330809964413752
"235",2,5,2,500,"Re-Ordered",0.675193977938649,0.695246274968093,0.696838245395475,0.696040360319305,0.722556032026101,0.698805020343704,0.693432491371648,0.686362310016115,0.699638952392127,0.685211322831374,0.71024618461695,0.702305163513666,0.696535387354252,0.696495644987632,0.696297377085976,0.539501106856832
"236",3,5,2,500,"Re-Ordered",0.597434639488683,0.611077329133368,0.618379099291815,0.610684039856425,0.623683753964567,0.614015322492918,0.674462866224506,0.646004320743505,0.704972238542103,0.672311621167492,0.688131862562048,0.695651449808368,0.621767802508858,0.548310956184025,0.536242333871827,0.4306853922055
"237",4,5,2,500,"Re-Ordered",0.459032147309397,0.477161997452553,0.469167787542053,0.476345997731995,0.48971943010484,0.477021212340602,0.539105587808187,0.543823698001073,0.593079289288892,0.588885965286192,0.605833368077316,0.596499160904118,0.552190191585638,0.429465848950648,0.412616780836927,0.356153614089369
"238",5,5,2,500,"Re-Ordered",0.44557316185488,0.459896774094673,0.453491260508029,0.459794459497776,0.47263835887636,0.456851667633486,0.560833076122291,0.566046757161663,0.628795737738575,0.625162929063631,0.643560102412712,0.633143660582786,0.457193711413386,0.380990504984849,0.384417398280098,0.329651390803225
"239",6,5,2,500,"Re-Ordered",0.422631890523281,0.437238394965443,0.426812524625184,0.436415926800178,0.453603805650062,0.43412032603939,0.537789213583508,0.534903248574459,0.601320776713845,0.593350573353815,0.605514179196623,0.602616583534639,0.433914949172675,0.361678661788623,0.352413694422948,0.330496689229163
"240",7,5,2,500,"Re-Ordered",0.386905880797483,0.396205747487053,0.396161137849104,0.396137983306793,0.409980509973747,0.399415981445332,0.498309722079794,0.489930974110385,0.574982562008129,0.559610869621787,0.570460111640679,0.570290480687723,0.384006965920268,0.336436911428064,0.332882844316783,0.326072951305145
"241",2,10,2,500,"Re-Ordered",0.945281543312357,0.945744595961384,0.956136275618427,0.946154855972825,0.950116992629994,0.949060961669725,0.955775485578926,0.93875524258735,0.954257789627025,0.938596251934545,0.943751165162589,0.946178336941035,0.885385879514701,0.886356520242315,0.888136778689655,0.627217253893887
"242",3,10,2,500,"Re-Ordered",0.828406908262496,0.823876215362646,0.841061431386432,0.825623971895587,0.820105832441556,0.830485748592748,0.978636531314497,0.94813512529892,0.999995213728288,0.969957455585268,0.971399972021867,0.984829293702789,0.861037801518187,0.640413216681608,0.640507876410705,0.522479237104277
"243",4,10,2,500,"Re-Ordered",0.756587608612219,0.756810461014634,0.769870899008372,0.757625796764051,0.761835992306475,0.763235555404037,0.978616588464713,0.946606370712919,1.02224045165565,0.988465759063382,0.999067785282916,1.00986164731751,0.793959017980152,0.554065246264197,0.540330093676999,0.425749522886793
"244",5,10,2,500,"Re-Ordered",0.651244429987957,0.65597527449206,0.667399329149356,0.656235910924785,0.657107610732025,0.657754342470002,0.904709953141387,0.871958064356603,0.958350285050487,0.941638678601759,0.946448213507543,0.953988280146719,0.628010291208484,0.457029817786849,0.450398129502836,0.415815512471473
"245",6,10,2,500,"Re-Ordered",0.581299435520541,0.587368717452586,0.59185754768575,0.588650776459836,0.591557480955481,0.585924244917366,0.87027253832975,0.827164684042805,0.952238286194404,0.910950180695401,0.91049557501669,0.934971699073687,0.476536006520292,0.417677183069847,0.399132443163311,0.324640849276007
"246",7,10,2,500,"Re-Ordered",0.528582977118577,0.540045490400224,0.535648803810053,0.540427770843083,0.541959201151691,0.534942336745327,0.782820081484328,0.75599378510853,0.875850793083804,0.843415065714217,0.844827105798234,0.862282800779637,0.389575616348475,0.386861565939101,0.354869352320837,0.331549019757313
"247",2,20,2,500,"Re-Ordered",1.18024671370321,1.18119842894885,1.18788015367286,1.18102908539055,1.18157235628142,1.18282007766734,1.18633554313168,1.17741806645234,1.18594640283356,1.17728421144362,1.18007580913956,1.17898772305364,1.10907594019382,1.10937989810367,1.10913760550305,0.794592145777132
"248",3,20,2,500,"Re-Ordered",1.08010375215921,1.08048574500954,1.088664844528,1.08177187507739,1.06945751294302,1.08395818510881,1.29549029750206,1.28237362875314,1.3088013594448,1.30158592463645,1.30189722391752,1.30443212792961,1.21637564139116,0.868279279034684,0.830306059649418,0.688046282391589
"249",4,20,2,500,"Re-Ordered",0.976803308260464,0.977941575342657,0.988387335833641,0.980215891394258,0.965667036451003,0.983178357901256,1.30257208650218,1.28802484151487,1.34909047087298,1.33865471797403,1.3342069055072,1.34176302864393,1.06037315063073,0.689260615361462,0.648915812736299,0.633662059653211
"250",5,20,2,500,"Re-Ordered",0.811293873964777,0.807836983976902,0.822694355971752,0.809798859968252,0.802576625066945,0.813314938340044,1.21727286091786,1.1882696784982,1.30233652933853,1.27811427407249,1.27453769602574,1.2894105981003,0.677720280962457,0.543981438348106,0.504975519529892,0.522688152048615
"251",6,20,2,500,"Re-Ordered",0.717294594206373,0.719832368388555,0.727502378351307,0.720922860138332,0.71647438453116,0.720970935149999,1.15258001345869,1.11795268626087,1.253768609051,1.22915230699413,1.22463853131121,1.24188515067956,0.416860743403389,0.486076450938881,0.436659125021157,0.44380647242872
"252",7,20,2,500,"Re-Ordered",0.647156283562409,0.648009544368118,0.655235269096577,0.650639014727145,0.648579894639597,0.646827870596038,1.11715121123343,1.08516524981724,1.23964442887296,1.21583380443793,1.21531022791146,1.22994984975986,0.286560262441825,0.407827991801758,0.387825841515799,0.410295008126579
"253",2,5,2,1000,"Re-Ordered",0.671501960907482,0.696723891600986,0.697744827126949,0.697305912307831,0.717089213726828,0.698321579254844,0.695803493442915,0.686108747214615,0.70335256720674,0.684969649386615,0.70208496382309,0.701493640079399,0.679240115061943,0.67675501822544,0.676995671841128,0.513339068653404
"254",3,5,2,1000,"Re-Ordered",0.599717741813693,0.611323480421405,0.616491690643875,0.611307135964248,0.627857205493837,0.619581204797865,0.68747205576261,0.666917318442744,0.72755884954945,0.701795868298939,0.719069211274482,0.720823339791547,0.683120463011379,0.545314935149414,0.532399333029507,0.450581287986108
"255",4,5,2,1000,"Re-Ordered",0.507101375774691,0.51975716968165,0.518351386895755,0.519441520807698,0.532934827534922,0.525723337561789,0.608714269382091,0.606421625125577,0.6597887079669,0.646693838461208,0.673429292905577,0.661647450726623,0.630756111573387,0.446125891734197,0.435219463834845,0.388453253845972
"256",5,5,2,1000,"Re-Ordered",0.483843237158389,0.482090239831642,0.488344915370169,0.482209456519292,0.493678164935572,0.492929309854227,0.607938302146795,0.592714010100938,0.664668201803041,0.651246848226284,0.665951932388868,0.661658143444645,0.588466976877058,0.440639140563845,0.406178646856541,0.368472964360151
"257",6,5,2,1000,"Re-Ordered",0.416311372004198,0.430737120226346,0.421406966874775,0.43074972413366,0.440618195268425,0.429995899667296,0.568029798821082,0.56939248315557,0.63669904769112,0.632154158646873,0.646125021744692,0.639736464881496,0.516676829570899,0.381116185313476,0.36304148981104,0.343083422062126
"258",7,5,2,1000,"Re-Ordered",0.395338681198128,0.408173716584354,0.401288855165917,0.407617795727629,0.418888508647537,0.410406915763093,0.542900757469495,0.544539639732286,0.629549436047995,0.621724752408105,0.634666625509441,0.628968688763044,0.451104247878849,0.350465682280557,0.330382037506028,0.317907661047835
"259",2,10,2,1000,"Re-Ordered",0.962089933365487,0.956384815114497,0.974744348709118,0.956846218869803,0.955062884647401,0.964811335225397,0.973392278612164,0.946829668092658,0.974106734197677,0.94803765251679,0.949417309020808,0.958262996634052,0.898148305593667,0.899139315166311,0.898518063930365,0.642441632835636
"260",3,10,2,1000,"Re-Ordered",0.837956177459404,0.828921972557944,0.84886202202913,0.829531471176439,0.828552904160547,0.840299663148391,0.99138442160146,0.959571968355266,1.01990187424329,0.986698832676397,0.992568518507354,1.00366996173701,0.938678274894711,0.642403411666276,0.631257655877281,0.519129811735723
"261",4,10,2,1000,"Re-Ordered",0.755114689661036,0.74784518572933,0.767836779391603,0.749738686513672,0.743066338107899,0.754320046770379,1.00099567280788,0.955593844846067,1.06331273034273,1.02463665850338,1.0281561617064,1.04627187435634,0.928397978983502,0.586740036582829,0.55341890821106,0.439736375429881
"262",5,10,2,1000,"Re-Ordered",0.669450911017953,0.669058245536246,0.679940646516834,0.670121498712772,0.668238367811488,0.671603364698693,0.928942169170457,0.881608768678239,1.0097018898622,0.965894175727928,0.970686061771848,0.991836958606329,0.793721818702496,0.510925793351227,0.499669598857409,0.378023825353638
"263",6,10,2,1000,"Re-Ordered",0.64317865499672,0.641914039381334,0.652883598695314,0.642814793731259,0.644514774602041,0.647961718207302,0.908233588288403,0.887980593991926,0.998308551456114,0.972798522300279,0.981081344247976,0.987343804004063,0.684090145113979,0.486476331120227,0.462547279636859,0.338437207729883
"264",7,10,2,1000,"Re-Ordered",0.545821667383067,0.547316005882883,0.556251104412787,0.547799844549918,0.553611996091632,0.547192652000653,0.833459222168251,0.789918756690176,0.946204965196215,0.906022454290776,0.905772141251339,0.92840130826136,0.538439040626502,0.423147253364934,0.393193891420825,0.330913938139342
"265",2,20,2,1000,"Re-Ordered",1.23294318416899,1.2292867977848,1.23552217250976,1.22816216629574,1.22694259718694,1.23194123557764,1.23524996041662,1.22591424254709,1.23534939694562,1.22605323403907,1.22753396388364,1.22647984302531,1.14153345925548,1.14376342661312,1.14348449336094,0.762123004970466
"266",3,20,2,1000,"Re-Ordered",1.10389227935283,1.09785193598678,1.11344222455208,1.09999183080182,1.08850631294036,1.10606140731792,1.33149950354892,1.31546790477292,1.34629832863586,1.33427502732447,1.33572287492045,1.33884502775383,1.22173130955547,0.879676806889572,0.874860136927518,0.646980709337392
"267",4,20,2,1000,"Re-Ordered",1.01608273346456,1.00771473581485,1.02550054686687,1.0091355507091,0.996809704868028,1.01795356906771,1.34262122349956,1.32330314054619,1.39638923953789,1.38543878161442,1.38582444234554,1.38946663837224,1.2831218606103,0.787438488638959,0.742834939243316,0.595807465604268
"268",5,20,2,1000,"Re-Ordered",0.918725949876241,0.914839604746985,0.927931685359491,0.916746081108338,0.906123392377292,0.921704968620968,1.34507289306366,1.32924994343022,1.42497713625743,1.41205227385133,1.41507773901065,1.41941788927636,1.13516723458596,0.673248698692751,0.619121943010404,0.513332984035291
"269",6,20,2,1000,"Re-Ordered",0.843718243474584,0.838120525113076,0.8507818421034,0.839211026433547,0.831378485539558,0.843120560036968,1.27588869872695,1.25529563750734,1.37480484595255,1.35503966433852,1.3597578813255,1.36621179816316,0.873450419998381,0.59704668667586,0.52469863771493,0.47578787133568
"270",7,20,2,1000,"Re-Ordered",0.805365168730118,0.807347718471705,0.815332900545954,0.809081365724654,0.801211311170935,0.80887698922276,1.27490796819302,1.25415891524108,1.39739894320694,1.3783495977304,1.38126561378796,1.38892333144976,0.601919607210747,0.560599906217465,0.530090174918136,0.427445510334916
"271",2,5,2,100,"Parcel",0.587513491051581,0.624097187140677,0.614255797209783,0.624558809045794,0.663191081040566,0.61603766113266,0.603285705485142,0.61991380375239,0.611114479147357,0.615942947232032,0.651358492702397,0.629328878629283,0.625933610192485,0.624584966241747,0.624172791725918,0.472087069932877
"272",3,5,2,100,"Parcel",0.512296967858661,0.531262442675782,0.526515940528224,0.534341705617295,0.55783356589047,0.53577421530989,0.568520900810101,0.56786944484028,0.620906814781585,0.612113408573253,0.653610176369672,0.631184322724296,0.504828420707695,0.484747717501865,0.486531437117242,0.434673004340974
"273",4,5,2,100,"Parcel",0.443015351397543,0.460789537247326,0.449000193706948,0.462017967184929,0.481906255965404,0.457318085205304,0.513752598536448,0.516908560636042,0.603994991877977,0.592311531405326,0.617481346409841,0.606476136540905,0.397150323265964,0.387476611501282,0.387635507889175,0.388126674236587
"274",5,5,2,100,"Parcel",0.397349300582072,0.401960330551456,0.398094130283701,0.402205364398362,0.418974812500519,0.405067699818419,0.493565836208538,0.497816107038633,0.589445694325348,0.578385332911262,0.594418837830777,0.586538775656934,0.32245765613338,0.319177054607969,0.308247095771304,0.358919250721245
"275",6,5,2,100,"Parcel",0.365794890590967,0.37362708191434,0.365225702170788,0.375218711689848,0.391580094936763,0.372408613413472,0.469737542160075,0.474457365894632,0.552942855863378,0.552594302420023,0.564006199103751,0.556016261545876,0.306892753627351,0.298796776457185,0.263884957774498,0.337804565472477
"276",7,5,2,100,"Parcel",0.339848552074171,0.348561735230979,0.340625530628844,0.34890694488958,0.360191649828819,0.347406643717615,0.433362955995171,0.437332657472919,0.529810896462412,0.523443858449597,0.527863133755441,0.526240842718331,0.297748466488676,0.274214768060919,0.263234632122318,0.324182306948632
"277",2,10,2,100,"Parcel",0.867592368720644,0.874299151176964,0.883731937513693,0.875461241382703,0.890338463716419,0.876265696153548,0.879918821977725,0.867975647387548,0.876335200067665,0.866223213987325,0.879665116126392,0.875467735297908,0.80209613533056,0.798054934350406,0.798006870651967,0.595120974884926
"278",3,10,2,100,"Parcel",0.678008355410528,0.694188419861167,0.696103247753536,0.696072163323462,0.708223012486322,0.691160858468543,0.858527682907113,0.839477961931575,0.925320963564226,0.903459712648066,0.920247484518138,0.922333900838199,0.54377986952926,0.503547455465917,0.506931506972776,0.579127882463593
"279",4,10,2,100,"Parcel",0.564349897406458,0.568982083335055,0.571239392930141,0.571393766651809,0.582085453365025,0.569440653518254,0.758339006171144,0.734270920750687,0.854513041530014,0.827144649036594,0.840361583607367,0.846096645795827,0.41338265838369,0.39117162421788,0.375758489073767,0.47717843411772
"280",5,10,2,100,"Parcel",0.484777565609166,0.493083708237843,0.487687280715743,0.494382422222648,0.501085297757866,0.490591615730477,0.684856994791228,0.657567293599526,0.779430332333296,0.756742045423862,0.759203163991286,0.770789509213218,0.33085460570183,0.364718015911241,0.321430535244264,0.415919596589529
"281",6,10,2,100,"Parcel",0.480410081278365,0.487132490842503,0.476020297522709,0.489047945718296,0.498697102650691,0.483160392655058,0.672067742787645,0.635900969976822,0.754469448856366,0.733141480927627,0.734463121646501,0.748036600629374,0.307560373555291,0.349019355327343,0.291713565691432,0.39379565837886
"282",7,10,2,100,"Parcel",0.445194185134872,0.448187382163579,0.437837473760082,0.446725998397356,0.451217842411983,0.444473855354929,0.609575143019609,0.588416593041014,0.670246337205862,0.65415105654319,0.654515363749949,0.663788019296606,0.282811626595404,0.332288200938705,0.278997281591692,0.383749423218148
"283",2,20,2,100,"Parcel",1.13018064632033,1.14003053729399,1.1492328499645,1.14283634826649,1.15136477363373,1.14202775830632,1.14257973673452,1.13646002618765,1.1415542826095,1.13473769437119,1.14517457221341,1.13966440497254,1.04399452144984,1.03831348089359,1.037983817835,0.72915214129029
"284",3,20,2,100,"Parcel",0.876797932753613,0.887761083514198,0.895746348593223,0.892000951836325,0.893952529733349,0.887280559229775,1.1037018586099,1.0801710202702,1.16626071184674,1.14956280875178,1.15584843352609,1.161577956556,0.704837488698535,0.594109992901974,0.606868125564451,0.719551258360001
"285",4,20,2,100,"Parcel",0.676960725521,0.699683456156586,0.698806343911032,0.706188582463281,0.700971170079117,0.6932712946238,0.97763550932183,0.924896262237374,1.070028993287,1.04950120572689,1.05145060134921,1.0674667717346,0.471407421424306,0.492939019836695,0.466155005430475,0.598919678747581
"286",5,20,2,100,"Parcel",0.579438778404495,0.594302284283586,0.586406650991291,0.600476368902215,0.599008415061194,0.588906906229758,0.832873455472828,0.765728778300316,0.919500970394429,0.891905775193021,0.893396571363593,0.914039950168737,0.300029230252673,0.45971286601496,0.391753837575598,0.47958178482526
"287",6,20,2,100,"Parcel",0.533573614082833,0.544675877365143,0.526923996673841,0.55077110955878,0.551590237681542,0.539185272392137,0.752150404220117,0.689518651030721,0.810415301862271,0.792783537273055,0.790256432525755,0.809187305572598,0.278931367249546,0.419104512517918,0.354748753214554,0.438929739954483
"288",7,20,2,100,"Parcel",0.522955185682471,0.525694517942323,0.500932900771809,0.52746617440392,0.532437490010947,0.516479988783643,0.701019433262031,0.652637490102655,0.73720936850947,0.720713421162251,0.718021081622554,0.734925863191449,0.215927306051166,0.411501180752329,0.349121782814786,0.422611413995266
"289",2,5,2,500,"Parcel",0.700897557171255,0.722328688725086,0.724056888956124,0.722310555643471,0.740635069525091,0.722296318603553,0.720750473871175,0.708302987435364,0.728807253528135,0.707336602202321,0.722301183624178,0.724255929602517,0.657384861500183,0.654522191716053,0.654990643355259,0.4524374253743
"290",3,5,2,500,"Parcel",0.618323298304666,0.642797778758809,0.635201348261652,0.642585866515516,0.661055340076979,0.639061378920388,0.717455442046156,0.705940556485116,0.797014723039105,0.775079945040971,0.807832826700948,0.798569101967037,0.615906436813046,0.57756834359958,0.564761134290193,0.436313139255243
"291",4,5,2,500,"Parcel",0.533853871944724,0.556208500400279,0.548635212535124,0.556041288231742,0.574830390580282,0.557458167567143,0.687725337869193,0.681495884896221,0.800469738065065,0.77251255041985,0.802446895569637,0.79623355592954,0.542189675208099,0.498123600715676,0.4642064300444,0.401607052307158
"292",5,5,2,500,"Parcel",0.461777123269642,0.49017408752983,0.478118335874699,0.490282650059239,0.508277036090355,0.486904458062817,0.641426964628279,0.639182997684288,0.772180133266668,0.737107223993968,0.774606275966334,0.767822299379368,0.493701808033889,0.429595767423379,0.404412653136082,0.367807785981782
"293",6,5,2,500,"Parcel",0.458523635844008,0.476434720356912,0.469542752829661,0.476656908624686,0.493479503581027,0.476757236575478,0.64255896216671,0.636309281686703,0.797440962362535,0.767707435330904,0.795735749364213,0.790671648885263,0.458598562485205,0.403629533866929,0.389590592725398,0.384388486751923
"294",7,5,2,500,"Parcel",0.417935602514114,0.438874295079914,0.424583557615551,0.438786845316041,0.452526725090538,0.43753568991095,0.616944072111136,0.618856795673267,0.763040747180984,0.741317390081779,0.760873943266976,0.757550901448769,0.419781723452836,0.362488397859364,0.355139571068659,0.344509665004262
"295",2,10,2,500,"Parcel",1.02510919808429,1.02584119149437,1.03655361075221,1.02625634238092,1.0257627056359,1.0294971180683,1.03724870224893,1.01869380546183,1.03677170020996,1.01960894685281,1.01994974848795,1.02558782210256,0.948146295641869,0.945663301836767,0.945328590493068,0.637467690242411
"296",3,10,2,500,"Parcel",0.880600002372197,0.878107559091827,0.890189943425388,0.87904421283005,0.880369768702838,0.882479953893301,1.10195971480434,1.08248519360645,1.17148143582637,1.15177539966545,1.15347635079638,1.16028273234513,0.747524819576327,0.700219449623963,0.684828638618407,0.58608023663759
"297",4,10,2,500,"Parcel",0.796821736113165,0.793628335500453,0.808122686545126,0.794841161636991,0.799528640174245,0.798561998926981,1.13892153666371,1.11760028243108,1.2295473704985,1.20849006097695,1.21062830130946,1.21919421382543,0.673524241729893,0.604775643951259,0.57521588975572,0.431760992733493
"298",5,10,2,500,"Parcel",0.714744150452866,0.721416945105384,0.729438300657752,0.722175293526527,0.729349271841579,0.720872194741361,1.10055416697939,1.07182157046553,1.21962450696386,1.18739791192809,1.19458567108987,1.20777993447225,0.587893197744403,0.512169433398796,0.50340456919898,0.417809815195107
"299",6,10,2,500,"Parcel",0.675411796275018,0.680649229419667,0.687027962077084,0.681834513922103,0.688282050689113,0.680286164165569,1.11126890683395,1.08195414791876,1.2428031622679,1.21047537299718,1.21633804929848,1.23064869967801,0.48988097378891,0.456491703735976,0.423151408829931,0.367076342405818
"300",7,10,2,500,"Parcel",0.642162204160781,0.648161636932252,0.651804223744632,0.64940008317043,0.654546119600077,0.648262696756517,1.09606533207118,1.06286869923828,1.23560572977166,1.19823161845086,1.20296855014749,1.22071291342419,0.396654937724841,0.438263246065051,0.398302136684143,0.361650135326355
"301",2,20,2,500,"Parcel",1.26517001190911,1.26672094477593,1.27220155855214,1.26768268170183,1.26604506564775,1.26903197429727,1.27307003064008,1.26620418497508,1.27381277437606,1.2667039246262,1.26663223061436,1.26584367993649,1.17353963645179,1.17379900035215,1.17343862370845,0.706077086246869
"302",3,20,2,500,"Parcel",1.1342614590674,1.13623148047613,1.1427461564296,1.13757743365279,1.13495242785297,1.13881248701904,1.38195900614834,1.37401490204871,1.42800282184903,1.4212496978515,1.420904328293,1.42267530045195,1.04598225380862,0.952098394041273,0.933120008991489,0.80507587464511
"303",4,20,2,500,"Parcel",1.06429334054057,1.06231277072699,1.07021231210157,1.06349707533873,1.06277086569548,1.06618800470146,1.4283179608303,1.4190677541768,1.48448211613517,1.47747649881685,1.47834738163563,1.48051126278066,0.951191069712932,0.857429465265156,0.814883139827663,0.677587308728964
"304",5,20,2,500,"Parcel",0.981025844361319,0.982066832907388,0.98866292492337,0.983145038394376,0.98220531321943,0.984260222216434,1.4479122899008,1.43795679581431,1.50936096235544,1.50223874686228,1.50262696660378,1.50669634174357,0.690802242186951,0.701182853618533,0.679648587869887,0.636274306117597
"305",6,20,2,500,"Parcel",0.923136943393697,0.921344052687295,0.929449143445517,0.922220648689207,0.921940442490129,0.924622219547815,1.44879348669811,1.43974876378216,1.52262888539676,1.51545499149776,1.5148253055344,1.51919490644582,0.478192830080527,0.632719494637157,0.578023441683952,0.599532441945223
"306",7,20,2,500,"Parcel",0.856929556056544,0.859471295780047,0.866991754205886,0.861207473944007,0.860942369899108,0.859445581968789,1.41990265179203,1.40147484172904,1.51671975862088,1.50210941258225,1.50161959595815,1.51129090325931,0.347133995690801,0.547105052092555,0.507595929903328,0.574041896487521
"307",2,5,2,1000,"Parcel",0.771040150461511,0.779932098539307,0.789898474562744,0.780386050318266,0.79341281724435,0.78517139433716,0.789322589129588,0.766336616849146,0.793766581327624,0.766237362038482,0.779211909323525,0.784145695279969,0.696102110419733,0.694960790359245,0.691979156418984,0.523778348712714
"308",3,5,2,1000,"Parcel",0.63830211769283,0.650178610079289,0.655538724986948,0.650535144049185,0.663532528926639,0.65284924449899,0.75435704882845,0.725830226032018,0.823600804083654,0.788590570752604,0.810993194775235,0.814480573802984,0.614416037692414,0.594698801966498,0.590921464406558,0.453746248635214
"309",4,5,2,1000,"Parcel",0.560160665234128,0.575802205852248,0.574208784164238,0.575763106632642,0.586028070259705,0.577374906412701,0.73605533319009,0.72469603109444,0.85115915265779,0.822047815999089,0.848432108025193,0.844520498202258,0.553674971275823,0.495481561999827,0.47650477721924,0.415287435459758
"310",5,5,2,1000,"Parcel",0.539750829607438,0.5623457607745,0.555783211436147,0.561902317257879,0.574543446822791,0.560424983920157,0.751871794528329,0.73993886216819,0.873772763335996,0.8434934765472,0.873193584520646,0.869312359510774,0.528900334415601,0.478904007895791,0.455094476715883,0.388217966050092
"311",6,5,2,1000,"Parcel",0.482355324278333,0.506185344975654,0.4963325979921,0.506408125728699,0.516863287125666,0.507040178245058,0.719004855226896,0.702576138561234,0.874603259861689,0.830112479433877,0.85418284661481,0.860255921002134,0.485774785122599,0.430284107747891,0.405855997479725,0.373316964094122
"312",7,5,2,1000,"Parcel",0.431980179734651,0.453880562900671,0.439696378584,0.453790018512437,0.465229363534481,0.450601442920836,0.675452200806427,0.672796298130928,0.825730641900185,0.794026405605197,0.815947911651032,0.817024119082417,0.433375968870217,0.403055297393875,0.375737247115313,0.342844699417036
"313",2,10,2,1000,"Parcel",1.03845598816,1.04097336488325,1.05349878654925,1.04135522308602,1.0366816628221,1.04518306309753,1.05509681761145,1.03135968803428,1.05491180813293,1.03286057291504,1.02889900014212,1.03978702313346,0.952061142704935,0.952486657472208,0.952314336976325,0.625983723059279
"314",3,10,2,1000,"Parcel",0.893456836140283,0.892591940876902,0.909116732332775,0.893659957144228,0.891346635007131,0.897365049317956,1.12299937163594,1.09606083764597,1.1902737772835,1.1640824748684,1.16137529486246,1.17473635193723,0.777561446331531,0.72362592779854,0.711536942260916,0.551540315584836
"315",4,10,2,1000,"Parcel",0.841001082692184,0.835832470405672,0.85122455273248,0.836907688473681,0.836620530184712,0.842756567765819,1.17540670446,1.15750097597106,1.25983841413429,1.23982301511036,1.24113309507383,1.24843687207494,0.721890426783383,0.654746238340515,0.610017817231328,0.455047844449699
"316",5,10,2,1000,"Parcel",0.774067516043788,0.767038292674248,0.785198636112232,0.768441201553719,0.768671384949818,0.774261314736798,1.20866561142984,1.18478945941265,1.31122789490015,1.28621197986374,1.28771032027996,1.29882215268437,0.661764453424922,0.587749367590293,0.540875097066844,0.410865917807933
"317",6,10,2,1000,"Parcel",0.725994507123688,0.723759227515823,0.738254208496713,0.724829415818619,0.727368426251099,0.728499212355627,1.20952081150708,1.1892052764977,1.32511307301917,1.30333149030015,1.30662239089783,1.31585600142997,0.584428323518312,0.552923470868648,0.505593519914798,0.3796305768013
"318",7,10,2,1000,"Parcel",0.704468916257659,0.695159002492129,0.712893331834066,0.696435048571411,0.699294001136507,0.702741349098211,1.20743512436441,1.18414339769738,1.32982804157072,1.30656705401712,1.30927618030705,1.31895730095264,0.510217092127488,0.533365434311606,0.486800897366041,0.379996333961852
"319",2,20,2,1000,"Parcel",1.27771802702721,1.28116696137959,1.28547326170891,1.2817237684334,1.27755344387828,1.28325069484374,1.28716986963447,1.28082898703025,1.28879583979038,1.28156847105586,1.27872841842591,1.27951772655176,1.18442684245362,1.18562469041588,1.18527380022057,0.678526393757112
"320",3,20,2,1000,"Parcel",1.17495553112789,1.17474035044842,1.18101835519529,1.17565596688243,1.17277801139116,1.17777365028518,1.40658969414511,1.39964352099472,1.45529333622393,1.44846846966478,1.44719854813536,1.44847581342124,1.04038506092744,1.00812244806565,1.00239154964783,0.755606605210473
"321",4,20,2,1000,"Parcel",1.07750814635929,1.07691145183848,1.08322332346353,1.07796050043742,1.07479427696512,1.08051321824005,1.4646433825341,1.45864830444658,1.52090081399227,1.51622485821019,1.51620948219618,1.51778097671741,0.974869586447086,0.89083451780701,0.824525817980244,0.70835277170271
"322",5,20,2,1000,"Parcel",1.03915064855692,1.03860219070145,1.04441772673756,1.03959547630917,1.03660899889681,1.04188695914863,1.50766272825357,1.5011498985213,1.56582160242194,1.5605825695534,1.56017013567057,1.56321028000097,0.825876887445712,0.832374898539141,0.751243557735627,0.655373985664394
"323",6,20,2,1000,"Parcel",0.971676677261603,0.970329604034678,0.978418161040473,0.971375328000533,0.969334737143939,0.974244926110354,1.5184260374457,1.51093040155941,1.58317695434673,1.57780099926908,1.57749556918938,1.58123164591449,0.662817001920037,0.782782835513021,0.690832636931189,0.575484267780291
"324",7,20,2,1000,"Parcel",0.948782300093927,0.947839172877616,0.955141507677432,0.949033095744286,0.947156412077304,0.95154618051945,1.52988475424485,1.52187315478106,1.59893001340157,1.59311188168867,1.59203800904735,1.59683285515836,0.573898484151981,0.730694487461376,0.627365676722804,0.542676429985883
